BED,SNP
,rs12565286
,rs11804171
,3094315
,rs3131968
,rs12562034
,rs2905035
,rs12124819
,rs2980319
,rs4040617
,rs2977612
,rs2905062
,rs2980300
,rs4951864
,rs12132517
,rs11240777
,rs3128126
,rs3121561
,rs3813193
,rs4075116
,rs3934834
,rs3766193
,rs3766192
,rs3766191
,rs9442371
,rs9442372
,rs10907177
,rs3737728
,rs10907178
,rs9442398
,rs6701114
,rs4074137
,rs6687776
,rs6678318
,rs9651273
,rs11579015
,rs6671356
,rs6666280
,rs4970405
,rs12726255
,rs4970409
,rs7548798
,rs7540009
,rs17160824
,rs17160826
,rs12748370
,rs11807848
,rs9659914
,rs9442373
,rs2298217
,rs12145826
,rs10907182
,rs10907183
,rs4970357
,rs9442380
,rs4970358
,rs4970362
,rs9442385
,rs9660710
,rs1891905
,rs4970420
,rs11260542
,rs12092254
,rs1320565
,rs1320571
,rs3813204
,rs11260549
,rs6684820
,rs10907174
,rs11260554
,rs10907175
,rs9729550
,rs3819001
,rs1815606
,rs3753348
,rs2298209
,rs3813200
,rs11721
,rs2887286
,rs3813199
,rs6603781
,rs3766186
,rs7515488
,rs11260562
,rs715643
,rs6675798
,rs6603783
,rs6603785
,rs6603787
,rs3818646
,rs7524470
,rs11804831
,rs12563338
,rs4018608
,rs12073590
,rs6667923
,rs6668223
,rs6685064
,rs3753340
,rs13306651
,rs619608
,rs604618
,rs2296475
,rs10399878
,rs2296474
,rs12142199
,rs2765033
,rs819980
,rs6690515
,rs9439458
,rs3813216
,rs12403864
,rs9439462
,rs12032637
,rs1571150
,rs7290
,rs3766180
,rs3766178
,rs7533
,rs3766177
,rs7517401
,rs3128342
,rs7531530
,rs7366884
,rs880051
,rs3766169
,rs2296716
,rs9439468
,rs6603791
,rs6656541
,rs6603793
,rs7540231
,rs7520996
,rs7519837
,rs7556282
,rs6603811
,rs7531583
,rs12044597
,rs2272908
,rs3737628
,rs9660180
,rs7545812
,rs6603794
,rs10907185
,rs11585349
,rs16825336
,rs12408690
,rs2180311
,rs6664664
,rs4648726
,rs12141314
,rs9786963
,rs10907187
,rs11260616
,rs7553640
,rs11589067
,rs6603797
,rs6663586
,rs6657357
,rs4648727
,rs12126768
,rs6687065
,rs6692959
,rs6681938
,rs6664578
,rs12402876
,rs12125422
,rs12076620
,rs10907192
,rs7511905
,rs12036384
,rs9660106
,rs4648592
,rs3855951
,rs10907193
,rs7525092
,rs6603803
,rs6670776
,rs16824526
,rs6603804
,rs6688000
,rs2474460
,rs2803298
,rs2247560
,rs1884454
,rs752965
,rs2803316
,rs2748981
,rs2803326
,rs2803327
,rs12758705
,rs2803328
,rs2803329
,rs2803331
,rs2262190
,rs2748975
,rs3820011
,rs2803285
,rs2803291
,rs3795283
,rs1105100
,rs2459994
,rs12755035
,rs884080
,rs7513222
,rs12028718
,rs908742
,rs10910029
,rs10910030
,rs10752741
,rs10752742
,rs10797413
,rs3128332
,rs12410859
,rs16824792
,rs1878752
,rs4648805
,rs4648807
,rs4648808
,rs17372341
,rs3128336
,rs6603813
,rs925905
,rs925906
,rs3107145
,rs3107146
,rs3107151
,rs3128291
,rs3107156
,rs3107157
,rs3128296
,rs425277
,rs3753242
,rs424079
,rs3128298
,rs364677
,rs12026349
,rs451061
,rs2503706
,rs427811
,rs377283
,rs2503705
,rs385039
,rs2257684
,rs12082939
,rs262672
,rs3107126
,rs262669
,rs9442619
,rs2257182
,rs3107125
,rs262661
,rs3123592
,rs262654
,rs262653
,rs262652
,rs262651
,rs12094159
,rs3052
,rs262641
,rs3128309
,rs626479
,rs262688
,rs262687
,rs262685
,rs262684
,rs2503699
,rs2460002
,rs2503701
,rs2503712
,rs6665593
,rs380190
,rs7512482
,rs262683
,rs2460000
,rs1692580
,rs263533
,rs263532
,rs262680
,rs10910032
,rs263526
,rs10910034
,rs11582968
,rs260513
,rs10797416
,rs16824937
,rs11581132
,rs10910036
,rs12385717
,rs12038607
,rs16824948
,rs260509
,rs7546430
,rs12136830
,rs12084736
,rs10797417
,rs260507
,rs12040414
,rs260505
,rs7547453
,rs11588312
,rs903910
,rs4648627
,rs12043185
,rs10910043
,rs6673129
,rs903909
,rs903908
,rs7553178
,rs4648819
,rs11588666
,rs12045693
,rs6671815
,rs10910047
,rs6678142
,rs12119470
,rs12120270
,rs4648823
,rs2017143
,rs2643885
,rs903924
,rs903920
,rs903919
,rs2172900
,rs2132303
,rs884941
,rs884940
,rs903617
,rs2645091
,rs12743493
,rs10910050
,rs12562937
,rs903916
,rs1809822
,rs1496555
,rs2279702
,rs2843159
,rs2643904
,rs2173049
,rs2843157
,rs2843153
,rs12081179
,rs12082516
,rs12080256
,rs11806567
,rs2643893
,rs2643895
,rs2645065
,rs903904
,rs2645066
,rs2843146
,rs2843143
,rs2843142
,rs4648829
,rs2645072
,rs2055204
,rs7527871
,rs1039063
,rs10910053
,rs2254895
,rs2254874
,rs4648831
,rs2843130
,rs2643912
,rs2840528
,rs2645082
,rs3795272
,rs12049067
,rs2840529
,rs2036083
,rs2843129
,rs2840530
,rs4648832
,rs2840531
,rs1039100
,rs2645083
,rs2645085
,rs2645086
,rs2645087
,rs903914
,rs2840544
,rs2645088
,rs2840542
,rs2840541
,rs2645090
,rs6674705
,rs7545940
,rs2840536
,rs6665546
,rs10910060
,rs10910061
,rs2840534
,rs12031614
,rs2279703
,rs7519807
,rs12033324
,rs16825081
,rs2843165
,rs12070746
,rs12404555
,rs10910062
,rs2843160
,rs903901
,rs2643901
,rs2843127
,rs16825090
,rs3736331
,rs903903
,rs2645061
,rs4648633
,rs2840533
,rs1123571
,rs3736330
,rs2840532
,rs2645081
,rs3001336
,rs1129333
,rs2494427
,rs2494428
,rs12023660
,rs7515934
,rs12022929
,rs4531246
,rs2494641
,rs4648843
,rs4592207
,rs6659405
,rs867810
,rs4648845
,rs10910077
,rs10910078
,rs16824398
,rs16824399
,rs2477686
,rs4648635
,rs4648636
,rs1998760
,rs2494626
,rs13376356
,rs1536155
,rs11588930
,rs12049628
,rs12742193
,rs10797428
,rs4648638
,rs942817
,rs7512269
,rs12753298
,rs6668720
,rs3001349
,rs17373634
,rs2477702
,rs2477703
,rs12022393
,rs3762443
,rs3762444
,rs2296442
,rs2477707
,rs3814298
,rs3791180
,rs2494620
,rs2236396
,rs7535528
,rs2247308
,rs2236395
,rs2246732
,rs2494636
,rs2985862
,rs1980789
,rs3122922
,rs2494603
,rs2494606
,rs4648646
,rs2147905
,rs7550231
,rs11573997
,rs2234167
,rs11573989
,rs2234161
,rs2281852
,rs2257763
,rs1886730
,rs6667605
,rs6672381
,rs6671426
,rs10910093
,rs4310388
,rs10797434
,rs12129508
,rs4648648
,rs4486391
,rs735000
,rs734999
,rs10910097
,rs12564460
,rs10752747
,rs3748819
,rs3748817
,rs3748816
,rs2843401
,rs12133956
,rs2843402
,rs2764841
,rs2985859
,rs10910099
,rs12138909
,rs10797437
,rs4073286
,rs10797440
,rs10910111
,rs10752748
,rs6684865
,rs10797441
,rs12117343
,rs11590198
,rs6673993
,rs3890745
,rs4474198
,rs6424062
,rs4648459
,rs4648499
,rs4648356
,rs2377041
,rs897628
,rs897623
,rs4648360
,rs10909872
,rs7537581
,rs7538063
,rs10909880
,rs10909888
,rs10909890
,rs12565258
,rs11584658
,rs10909904
,rs6679232
,rs12071313
,rs4609377
,rs10797389
,rs4648481
,rs4648482
,rs1563471
,rs7511879
,rs10797390
,rs12031493
,rs729045
,rs6680471
,rs4648383
,rs4648384
,rs7548023
,rs1456461
,rs12049543
,rs1456460
,rs6424081
,rs7529000
,rs12409348
,rs12119163
,rs897636
,rs1563465
,rs6683974
,rs897615
,rs10910019
,rs2124661
,rs2168531
,rs6673503
,rs6658584
,rs10909793
,rs10797342
,rs1563472
,rs1563474
,rs11580768
,rs2045333
,rs3100865
,rs2445620
,rs1456465
,rs2842911
,rs2842914
,rs2606406
,rs12091184
,rs750786
,rs12035436
,rs897630
,rs17384422
,rs880725
,rs880724
,rs897631
,rs897632
,rs1869970
,rs2606408
,rs1563468
,rs897634
,rs2606409
,rs2606410
,rs4997489
,rs4648432
,rs1078463
,rs9782915
,rs2045331
,rs2045332
,rs10752728
,rs10752729
,rs897635
,rs2606411
,rs12023449
,rs16823193
,rs16823194
,rs12403214
,rs4648439
,rs10909840
,rs10909841
,rs4648441
,rs1869972
,rs1473386
,rs10797368
,rs10797369
,rs12030820
,rs16823228
,rs16823230
,rs6675965
,rs2842909
,rs2925499
,rs7539511
,rs2606414
,rs2842931
,rs2842933
,rs2842906
,rs2606418
,rs1456468
,rs2788089
,rs1890339
,rs10909845
,rs11583804
,rs6659552
,rs878201
,rs3001799
,rs2993505
,rs10909847
,rs10909848
,rs2485944
,rs2485945
,rs2993506
,rs2788090
,rs2842924
,rs12752801
,rs10797371
,rs4648444
,rs12044030
,rs4648445
,rs9661752
,rs12046158
,rs12747179
,rs7533362
,rs17391563
,rs6681331
,rs6681741
,rs1572657
,rs16823303
,rs4350139
,rs10797373
,rs10909852
,rs7546695
,rs12411019
,rs10909854
,rs10909855
,rs17391750
,rs12022594
,rs12059864
,rs12401989
,rs12046411
,rs12023273
,rs12049274
,rs16823325
,rs12025260
,rs10797376
,rs17389607
,rs10909859
,rs16823330
,rs7524813
,rs7520336
,rs6424065
,rs12025062
,rs12022429
,rs12025167
,rs12022456
,rs16823332
,rs12066017
,rs16823335
,rs10797377
,rs12063869
,rs946175
,rs946176
,rs946177
,rs2027262
,rs2027264
,rs6685625
,rs12027883
,rs6677992
,rs7534897
,rs6681651
,rs6691208
,rs4357486
,rs4486390
,rs6670704
,rs16823357
,rs10909862
,rs12033927
,rs4576609
,rs3795262
,rs3795263
,rs12566421
,rs7412983
,rs2142569
,rs1890338
,rs6661908
,rs10489589
,rs10489588
,rs9661525
,rs2993510
,rs12409277
,rs10909867
,rs2993479
,rs717795
,rs2993480
,rs2993481
,rs1109251
,rs1125017
,rs2376821
,rs6665853
,rs12070295
,rs2297828
,rs2297829
,rs2993486
,rs4648451
,rs7525173
,rs1569419
,rs760567
,rs6695131
,rs2742680
,rs2981881
,rs926246
,rs926244
,rs2817168
,rs2993493
,rs1890336
,rs4648453
,rs876740
,rs6704012
,rs2012731
,rs2817174
,rs6698974
,rs2817177
,rs2817178
,rs12120879
,rs2235176
,rs10797380
,rs7538096
,rs2651909
,rs2817185
,rs10797381
,rs731031
,rs881142
,rs2651902
,rs1798246
,rs2651899
,rs7518255
,rs2651935
,rs10909887
,rs2651936
,rs2817129
,rs17390062
,rs12737500
,rs17390167
,rs12750165
,rs868718
,rs12733843
,rs2817134
,rs1393064
,rs2651929
,rs2651928
,rs2651927
,rs2651925
,rs12135062
,rs4233024
,rs10752733
,rs2817137
,rs2817138
,rs2817139
,rs7545871
,rs2651916
,rs2817141
,rs1875451
,rs12142172
,rs17390461
,rs12139196
,rs10737190
,rs6685614
,rs7539775
,rs2651912
,rs12094678
,rs10797382
,rs10797383
,rs10909895
,rs950449
,rs9659513
,rs12096975
,rs12060022
,rs4308918
,rs7521730
,rs13328662
,rs10492941
,rs6424068
,rs12072073
,rs10909901
,rs2817145
,rs2817146
,rs12124147
,rs2651906
,rs2817147
,rs7544555
,rs12068579
,rs16823529
,rs12075867
,rs2817148
,rs2651892
,rs2817149
,rs2651891
,rs11804075
,rs16823542
,rs16823548
,rs4648458
,rs4648371
,rs10909902
,rs2817152
,rs10909903
,rs2651888
,rs10158583
,rs1553288
,rs16823558
,rs2253344
,rs10157420
,rs2651886
,rs6424069
,rs10797384
,rs10909905
,rs2817158
,rs2817159
,rs2455109
,rs11807062
,rs905138
,rs2500252
,rs2455118
,rs689565
,rs10797386
,rs7539489
,rs4648464
,rs4648465
,rs17398063
,rs10909912
,rs3002685
,rs3002686
,rs2455104
,rs2455106
,rs2455108
,rs2455099
,rs2500250
,rs2455097
,rs2500247
,rs2455119
,rs2455120
,rs2455121
,rs2455122
,rs2455123
,rs2455124
,rs2455125
,rs2455130
,rs12760258
,rs2500305
,rs2500303
,rs2455131
,rs12742717
,rs6657917
,rs16823027
,rs16823783
,rs10492940
,rs16823802
,rs905135
,rs2500302
,rs6685398
,rs6690217
,rs10797387
,rs12565013
,rs2455117
,rs2500297
,rs10909918
,rs12757342
,rs12405511
,rs2500295
,rs4648376
,rs2500294
,rs1553291
,rs4648468
,rs4648377
,rs4648469
,rs4648470
,rs2500292
,rs2500291
,rs1875452
,rs2500289
,rs7553849
,rs2455144
,rs2455143
,rs2455137
,rs2455136
,rs2500283
,rs2500282
,rs6670328
,rs7517281
,rs12407909
,rs4648378
,rs10909923
,rs10909924
,rs3923081
,rs4233025
,rs4648473
,rs4145901
,rs4145900
,rs12086132
,rs2500278
,rs10909927
,rs12567158
,rs12566775
,rs2483260
,rs2483261
,rs12409345
,rs2483262
,rs12743017
,rs12409315
,rs2282193
,rs12741836
,rs16824089
,rs2500277
,rs2483266
,rs6687835
,rs2500274
,rs1108600
,rs2500271
,rs2065523
,rs10909930
,rs2483274
,rs12061652
,rs2483275
,rs1889121
,rs12058584
,rs1110307
,rs2500265
,rs4648477
,rs4648478
,rs2483278
,rs2483279
,rs2500264
,rs2500263
,rs7516137
,rs7516150
,rs7552331
,rs4494089
,rs1572037
,rs2483280
,rs1999527
,rs2255212
,rs2500260
,rs2483284
,rs2500259
,rs2483285
,rs6686156
,rs882430
,rs6683273
,rs2483286
,rs2483287
,rs2483288
,rs4648379
,rs4415513
,rs4648380
,rs2483289
,rs2483256
,rs946758
,rs12748963
,rs9424293
,rs2500286
,rs12073172
,rs2500280
,rs17395449
,rs17399569
,rs11807862
,rs2500262
,rs6658356
,rs4648485
,rs4648486
,rs4648487
,rs6424073
,rs4648381
,rs12135987
,rs1333190
,rs1333189
,rs2249860
,rs4648488
,rs4648489
,rs2493310
,rs1538693
,rs2493309
,rs11584942
,rs11584967
,rs12085231
,rs868688
,rs868689
,rs10492939
,rs6666433
,rs2065525
,rs10492938
,rs17399998
,rs2493278
,rs2493275
,rs2493268
,rs12139767
,rs17822575
,rs883679
,rs871822
,rs17822581
,rs7542793
,rs10909939
,rs10909940
,rs6424074
,rs6424075
,rs7551796
,rs11576794
,rs11578011
,rs5024246
,rs4471209
,rs2493306
,rs6669407
,rs12024847
,rs2493303
,rs6670123
,rs870124
,rs2493292
,rs2493291
,rs2483229
,rs2493285
,rs2483230
,rs1984069
,rs11579873
,rs10492937
,rs17400178
,rs4648500
,rs870171
,rs2483239
,rs2493277
,rs2493272
,rs1537406
,rs2493263
,rs2483250
,rs2493262
,rs867814
,rs2487670
,rs2493256
,rs12745860
,rs947352
,rs16823777
,rs12059504
,rs12568681
,rs2487681
,rs2487680
,rs2493255
,rs3806164
,rs2493254
,rs12562167
,rs9787074
,rs10909947
,rs9786995
,rs12562417
,rs2298082
,rs2185639
,rs12124163
,rs10797395
,rs2493314
,rs2821041
,rs4648505
,rs2821040
,rs2821038
,rs7553399
,rs947344
,rs11585362
,rs2820996
,rs2794362
,rs2821070
,rs12093117
,rs1896
,rs2096101
,rs4648392
,rs10797400
,rs2794323
,rs12119711
,rs10909959
,rs2794324
,rs12727047
,rs9970944
,rs2821066
,rs16823032
,rs1891144
,rs4648524
,rs10737192
,rs947347
,rs12562983
,rs947346
,rs6685801
,rs869697
,rs9628616
,rs2821063
,rs2794345
,rs2821060
,rs2794333
,rs7525042
,rs10909968
,rs10909969
,rs2794352
,rs2821059
,rs12749547
,rs947356
,rs880801
,rs947354
,rs7533029
,rs4431782
,rs2821054
,rs12080677
,rs2794347
,rs12406782
,rs2821053
,rs2794341
,rs2821052
,rs2821050
,rs2995009
,rs12139206
,rs4648527
,rs6702451
,rs6697749
,rs7544357
,rs2794327
,rs2821025
,rs2821023
,rs2821017
,rs2821021
,rs10909987
,rs4648398
,rs6424087
,rs12757620
,rs4648538
,rs16823922
,rs4276857
,rs16823926
,rs1128474
,rs2821007
,rs2760321
,rs2760320
,rs2296034
,rs2760319
,rs1885864
,rs3818330
,rs2760318
,rs3765689
,rs3765690
,rs2251098
,rs2181484
,rs1885861
,rs3765692
,rs7523732
,rs732901
,rs3765695
,rs3765696
,rs3765701
,rs12027041
,rs3765702
,rs3765703
,rs3765705
,rs3765730
,rs3765731
,rs3765736
,rs3765741
,rs17379833
,rs3765753
,rs6424089
,rs6424090
,rs3765761
,rs3765762
,rs3753211
,rs3819967
,rs3765764
,rs3765766
,rs3765767
,rs3765770
,rs747828
,rs747827
,rs12731705
,rs2236365
,rs11589885
,rs6664760
,rs6695978
,rs4648553
,rs9662633
,rs12562437
,rs1181868
,rs10910018
,rs7515164
,rs12117836
,rs2298222
,rs3737589
,rs12120656
,rs4648554
,rs12128253
,rs10797410
,rs10910022
,rs1181889
,rs1181888
,rs12128669
,rs1181885
,rs1181884
,rs12406474
,rs1181883
,rs4648558
,rs10910024
,rs1181878
,rs1181877
,rs1181876
,rs1181875
,rs1181874
,rs16824081
,rs1181872
,rs10910025
,rs1181871
,rs2275837
,rs1175551
,rs2275819
,rs1175550
,rs1175549
,rs1891937
,rs2887275
,rs2799182
,rs17411279
,rs3737593
,rs8379
,rs17411356
,rs8520
,rs17411384
,rs2799184
,rs12563491
,rs2298228
,rs2298227
,rs10909792
,rs9424283
,rs9424297
,rs6692872
,rs9424284
,rs12728911
,rs7513053
,rs9424285
,rs6667255
,rs7543006
,rs12403561
,rs2154067
,rs2887274
,rs10752721
,rs4648407
,rs12135894
,rs3795256
,rs3795255
,rs6662706
,rs6702916
,rs6702935
,rs6703035
,rs9286791
,rs1104855
,rs9424303
,rs9424288
,rs4648413
,rs4648414
,rs9424289
,rs1936378
,rs4233020
,rs2027547
,rs2027548
,rs2275836
,rs2368535
,rs4648415
,rs7552969
,rs16824124
,rs9424290
,rs12759497
,rs2275835
,rs2275834
,rs4648344
,rs4648345
,rs6663840
,rs6688969
,rs9424310
,rs7511793
,rs7545274
,rs12727043
,rs6659702
,rs6659687
,rs2275833
,rs2275832
,rs2275831
,rs2275830
,rs17403773
,rs6424058
,rs6413779
,rs7522227
,rs7524674
,rs7524765
,rs7535133
,rs12755519
,rs4648418
,rs2887273
,rs12746541
,rs2275824
,rs6683827
,rs4648420
,rs1891941
,rs2298225
,rs1539649
,rs2298224
,rs7535887
,rs12744607
,rs17412654
,rs1891938
,rs3765773
,rs3765774
,rs10797347
,rs6680552
,rs12145992
,rs7534819
,rs6681372
,rs2275822
,rs2275821
,rs7538067
,rs4534323
,rs4307512
,rs10492942
,rs3765777
,rs10492943
,rs4648346
,rs4648347
,rs16824230
,rs17404435
,rs6683156
,rs10909804
,rs4648426
,rs12726906
,rs10909806
,rs10797348
,rs12738235
,rs6670527
,rs12734459
,rs6668103
,rs4074709
,rs4073324
,rs3205087
,rs11584721
,rs7367066
,rs6424061
,rs7530189
,rs7544191
,rs10797351
,rs10909819
,rs4520357
,rs12073945
,rs4131373
,rs4274008
,rs4446914
,rs11807227
,rs12094819
,rs7515869
,rs6674160
,rs12085743
,rs12082157
,rs12133786
,rs12097610
,rs10797353
,rs6658198
,rs10909824
,rs10909825
,rs12097125
,rs3935779
,rs3935778
,rs11811801
,rs10797356
,rs10909828
,rs12139857
,rs10909829
,rs6687869
,rs10797357
,rs11589102
,rs10909830
,rs6695346
,rs4654522
,rs12724233
,rs11583257
,rs11585024
,rs7524279
,rs7513058
,rs7548668
,rs9793287
,rs7519349
,rs7519458
,rs10737395
,rs12090228
,rs10915345
,rs10915358
,rs10799181
,rs4654479
,rs6661168
,rs4654482
,rs10753364
,rs10915427
,rs12058774
,rs11590912
,rs12411104
,rs12404745
,rs12401979
,rs10753366
,rs10799202
,rs12096512
,rs12119556
,rs10915431
,rs10915433
,rs9659781
,rs9662760
,rs12747375
,rs6681347
,rs4654493
,rs7522140
,rs9426475
,rs10915469
,rs10753373
,rs12031275
,rs7550609
,rs11576802
,rs4654521
,rs10915495
,rs4654427
,rs3935162
,rs10915504
,rs6426410
,rs7413044
,rs12029788
,rs12031557
,rs10799224
,rs10799225
,rs10799227
,rs10753378
,rs7526924
,rs4654428
,rs12758410
,rs11587314
,rs11587331
,rs4654525
,rs10799231
,rs4654544
,rs10799236
,rs12038964
,rs12040628
,rs6691155
,rs12733769
,rs12135298
,rs12045715
,rs12045781
,rs4654448
,rs4654451
,rs12091143
,rs4074993
,rs12722968
,rs3935559
,rs4128222
,rs6675979
,rs12731145
,rs6426431
,rs12744667
,rs6664655
,rs6680847
,rs12023372
,rs4654601
,rs4129100
,rs12127463
,rs4323679
,rs4440829
,rs4378174
,rs12747944
,rs17404600
,rs10915600
,rs10799261
,rs12023925
,rs16840665
,rs7418256
,rs6426436
,rs4311852
,rs4233266
,rs4478781
,rs3813810
,rs3829818
,rs10915642
,rs12062024
,rs12080516
,rs12080562
,rs10915654
,rs12068729
,rs4520388
,rs10915657
,rs10915659
,rs12128332
,rs12137595
,rs12129515
,rs12409038
,rs8179288
,rs7533488
,rs10915318
,rs12749761
,rs10799171
,rs10915357
,rs3856168
,rs4654403
,rs4654404
,rs10915360
,rs4654475
,rs10799175
,rs12745618
,rs10799177
,rs9792946
,rs6426379
,rs7514530
,rs6426380
,rs4233257
,rs4233258
,rs10915372
,rs10915373
,rs7553858
,rs7556284
,rs7524800
,rs7556385
,rs7520322
,rs12041796
,rs7520448
,rs10799180
,rs6669278
,rs6673959
,rs12728781
,rs10915381
,rs6672626
,rs6672716
,rs4654408
,rs4654409
,rs10753357
,rs10753358
,rs16840701
,rs7415439
,rs4130940
,rs4130941
,rs4391636
,rs4262509
,rs4400586
,rs7537141
,rs7537236
,rs7532788
,rs4405113
,rs3936238
,rs9628650
,rs12093951
,rs7538658
,rs7529853
,rs12021796
,rs6686087
,rs10915417
,rs4436359
,rs10915421
,rs10915422
,rs10915423
,rs10915424
,rs10915425
,rs7411603
,rs12065003
,rs4320754
,rs4462110
,rs4481820
,rs6676961
,rs16840731
,rs10915428
,rs12130437
,rs12073797
,rs10399650
,rs10915430
,rs6674313
,rs7542313
,rs10799201
,rs9887911
,rs12080309
,rs12080434
,rs12077262
,rs7548756
,rs6702575
,rs10492944
,rs16840784
,rs16840788
,rs16840790
,rs10915434
,rs4654484
,rs7519410
,rs4654485
,rs6670920
,rs10737402
,rs12138240
,rs12042946
,rs12040805
,rs16840810
,rs4400585
,rs10915437
,rs10915438
,rs10753368
,rs6426389
,rs6663976
,rs12083774
,rs4654487
,rs4282783
,rs4654488
,rs10915441
,rs10915442
,rs12409803
,rs10915443
,rs4131506
,rs4131507
,rs4131508
,rs6702633
,rs6663939
,rs10915445
,rs4233259
,rs4654490
,rs4654491
,rs6426390
,rs16840829
,rs16840831
,rs16840833
,rs16840835
,rs17414526
,rs16840838
,rs16840839
,rs4654492
,rs7542208
,rs12143662
,rs12096127
,rs10915447
,rs9426471
,rs9426494
,rs12088933
,rs16840861
,rs6680278
,rs17406305
,rs10915448
,rs7539733
,rs9426495
,rs9426472
,rs6683453
,rs9426473
,rs12752733
,rs16840866
,rs12062122
,rs9988443
,rs4609397
,rs4589076
,rs7549636
,rs4414012
,rs4614226
,rs4654497
,rs12065710
,rs16840875
,rs12123330
,rs4468133
,rs10915459
,rs3890728
,rs3890729
,rs12073595
,rs10915461
,rs6688343
,rs10915463
,rs12405392
,rs11580927
,rs12130304
,rs10799208
,rs10915464
,rs6690519
,rs12743431
,rs12127966
,rs4654500
,rs4654501
,rs12031950
,rs4233262
,rs12726068
,rs12741551
,rs12032955
,rs12030172
,rs12032975
,rs4654418
,rs4233264
,rs12074230
,rs11808641
,rs12143082
,rs6667065
,rs6426401
,rs12143945
,rs4654510
,rs10158783
,rs6687268
,rs4654511
,rs4654512
,rs4529679
,rs4609398
,rs16840901
,rs10915471
,rs12095632
,rs4130091
,rs6426402
,rs6426403
,rs6426404
,rs7550659
,rs12022636
,rs10799214
,rs7553814
,rs7554028
,rs12402543
,rs7517572
,rs10753372
,rs1908493
,rs1495245
,rs7411802
,rs1532363
,rs10915477
,rs12060660
,rs10915478
,rs4654514
,rs6657617
,rs4592237
,rs10799216
,rs4654424
,rs4233265
,rs11579829
,rs12120815
,rs2132177
,rs1809801
,rs903540
,rs7528938
,rs1874267
,rs1874266
,rs10915480
,rs10753374
,rs10799218
,rs12067495
,rs16840968
,rs7541544
,rs7534461
,rs7534558
,rs10799219
,rs10159168
,rs10158644
,rs12071761
,rs4512614
,rs7532225
,rs12132422
,rs7517989
,rs6426408
,rs7540505
,rs12405770
,rs6426409
,rs12239600
,rs12078298
,rs6679489
,rs1495241
,rs4654519
,rs12082705
,rs1908490
,rs12082555
,rs16841005
,rs12741715
,rs16841022
,rs16841032
,rs7520437
,rs966321
,rs12691488
,rs16841037
,rs964716
,rs964715
,rs1495250
,rs10753376
,rs2201498
,rs11583756
,rs2201496
,rs1390137
,rs10799220
,rs7526339
,rs9286981
,rs9286982
,rs2411738
,rs872004
,rs2101576
,rs10915493
,rs12135176
,rs12087250
,rs10915494
,rs11586171
,rs16838501
,rs17407762
,rs6677984
,rs4654426
,rs1495243
,rs12059199
,rs7536866
,rs17407901
,rs1390136
,rs1495244
,rs16838542
,rs6702000
,rs17408082
,rs981224
,rs12060572
,rs10915500
,rs10915501
,rs10915502
,rs16838560
,rs16838561
,rs16838562
,rs10915506
,rs2029490
,rs16838566
,rs12562995
,rs12564603
,rs12747142
,rs487192
,rs693734
,rs351625
,rs351623
,rs16838591
,rs12075294
,rs17448695
,rs1817914
,rs2934983
,rs1817913
,rs4654523
,rs10915508
,rs16838616
,rs351622
,rs11581089
,rs351619
,rs351618
,rs351617
,rs351616
,rs1495239
,rs16838636
,rs351615
,rs12073612
,rs7544916
,rs1495238
,rs351614
,rs12132314
,rs1495237
,rs716214
,rs1353341
,rs171260
,rs12080695
,rs10915509
,rs3912751
,rs3912752
,rs10915510
,rs10915511
,rs351596
,rs12744254
,rs12731948
,rs17408826
,rs11586435
,rs12407503
,rs12407989
,rs12408012
,rs351598
,rs1874269
,rs2411741
,rs7418164
,rs351600
,rs2130618
,rs2171985
,rs351604
,rs351605
,rs13375925
,rs924010
,rs351606
,rs16838692
,rs351607
,rs351608
,rs351609
,rs351610
,rs12042246
,rs670072
,rs656332
,rs12042782
,rs641473
,rs581070
,rs639739
,rs501284
,rs501334
,rs625079
,rs6697034
,rs12046130
,rs12117178
,rs579387
,rs496925
,rs533578
,rs684965
,rs685494
,rs588224
,rs589585
,rs590925
,rs592386
,rs498795
,rs12046047
,rs11587563
,rs488256
,rs903539
,rs12043659
,rs566312
,rs590537
,rs565452
,rs564559
,rs532552
,rs6685851
,rs16838750
,rs11589129
,rs502475
,rs479125
,rs12046694
,rs478144
,rs10799228
,rs472705
,rs646425
,rs12141636
,rs628678
,rs626909
,rs523634
,rs12139755
,rs585160
,rs497228
,rs600933
,rs675895
,rs480106
,rs600199
,rs529015
,rs528291
,rs598894
,rs527351
,rs678391
,rs596133
,rs585281
,rs17409771
,rs497965
,rs2926486
,rs2934987
,rs2934986
,rs349397
,rs12048162
,rs1531329
,rs12022854
,rs349396
,rs1531328
,rs16838790
,rs6691176
,rs349394
,rs349393
,rs102083
,rs17410050
,rs349392
,rs12025694
,rs349391
,rs16838800
,rs12404366
,rs6656193
,rs6666204
,rs16838810
,rs349390
,rs16838812
,rs16838813
,rs16838815
,rs12742617
,rs75411
,rs349388
,rs12404619
,rs349387
,rs16838819
,rs12023786
,rs12119772
,rs7519313
,rs12029905
,rs483344
,rs12026935
,rs572439
,rs12028738
,rs12031615
,rs12032997
,rs12127114
,rs2926485
,rs661536
,rs727658
,rs2926484
,rs10915519
,rs598564
,rs736867
,rs902403
,rs2926482
,rs589870
,rs1845636
,rs1845635
,rs1495249
,rs6697506
,rs6697594
,rs2009876
,rs16838843
,rs12037374
,rs12035324
,rs16838847
,rs239339
,rs349413
,rs12041475
,rs12042317
,rs7418714
,rs1459699
,rs12037541
,rs10915521
,rs11805017
,rs4654526
,rs11806957
,rs11806341
,rs16838876
,rs16838882
,rs747778
,rs1109048
,rs1352686
,rs902405
,rs2199203
,rs12042157
,rs4654527
,rs4654528
,rs12040976
,rs627555
,rs12041706
,rs12043114
,rs12039284
,rs7523383
,rs12040960
,rs16838915
,rs349415
,rs349416
,rs10915522
,rs7521665
,rs7552146
,rs16838929
,rs10915524
,rs349417
,rs12044775
,rs12044808
,rs12042555
,rs349398
,rs12043406
,rs6679220
,rs16838943
,rs12043606
,rs1870505
,rs1870506
,rs1870507
,rs12041810
,rs16838950
,rs4654531
,rs4654532
,rs12048690
,rs349400
,rs12046579
,rs17451814
,rs349401
,rs349402
,rs2898801
,rs12144027
,rs12116790
,rs10915525
,rs12042553
,rs4654430
,rs17451926
,rs7415739
,rs12047204
,rs547923
,rs902400
,rs6687224
,rs733308
,rs6687736
,rs522647
,rs12023230
,rs10915528
,rs508647
,rs505933
,rs12022104
,rs2130620
,rs4654533
,rs3007782
,rs2926480
,rs2926481
,rs349403
,rs6661121
,rs349405
,rs7522080
,rs349406
,rs12562242
,rs4654534
,rs349409
,rs349410
,rs4654432
,rs4654433
,rs737324
,rs349385
,rs4654535
,rs2035010
,rs1762818
,rs2035009
,rs12029910
,rs6667927
,rs6668442
,rs6678792
,rs10915533
,rs6676603
,rs12128251
,rs10915534
,rs10915535
,rs17452433
,rs1870508
,rs736265
,rs6681282
,rs755636
,rs12128076
,rs12130512
,rs1556691
,rs4654435
,rs1565452
,rs17452528
,rs7533212
,rs7546628
,rs1591426
,rs1762817
,rs1762814
,rs1762813
,rs1762812
,rs1674876
,rs1674877
,rs16839003
,rs1335365
,rs6660514
,rs1674879
,rs16839008
,rs780572
,rs12727067
,rs12731060
,rs12128230
,rs780573
,rs780574
,rs10915538
,rs780575
,rs780576
,rs12127881
,rs780580
,rs12127923
,rs12034619
,rs780581
,rs780582
,rs706144
,rs780584
,rs7531965
,rs780585
,rs780586
,rs10915541
,rs780587
,rs780588
,rs10799233
,rs780592
,rs780593
,rs780594
,rs705684
,rs17453210
,rs780595
,rs2054268
,rs780596
,rs2054269
,rs2054270
,rs705685
,rs16839039
,rs922114
,rs780597
,rs780598
,rs12407583
,rs11584026
,rs666152
,rs1674883
,rs662036
,rs605629
,rs608210
,rs10737409
,rs664520
,rs4654545
,rs7526548
,rs10915545
,rs6426415
,rs7532888
,rs12142994
,rs12142519
,rs12143974
,rs12142580
,rs12142584
,rs12142651
,rs12140591
,rs12140626
,rs12143568
,rs12146146
,rs12146149
,rs10047182
,rs12143782
,rs12144601
,rs350168
,rs11812066
,rs11799294
,rs7541288
,rs7548176
,rs7548712
,rs6426417
,rs12141303
,rs12138346
,rs7540923
,rs1037800
,rs638289
,rs11799990
,rs6426418
,rs16839089
,rs12094629
,rs16839093
,rs6656245
,rs350170
,rs350171
,rs16839098
,rs350173
,rs350174
,rs16839101
,rs350175
,rs350176
,rs780605
,rs350177
,rs350178
,rs350179
,rs350180
,rs350181
,rs350182
,rs705687
,rs350184
,rs10799234
,rs350185
,rs350186
,rs705689
,rs705690
,rs780606
,rs350187
,rs780608
,rs780609
,rs780610
,rs780611
,rs780612
,rs780613
,rs780614
,rs780615
,rs350189
,rs350190
,rs11580541
,rs1878052
,rs350193
,rs350194
,rs350196
,rs350197
,rs350198
,rs10737412
,rs4654547
,rs2446692
,rs168406
,rs239769
,rs239770
,rs171221
,rs780602
,rs12124807
,rs9659744
,rs10915548
,rs609506
,rs13374152
,rs10799235
,rs616317
,rs4654438
,rs9660574
,rs675509
,rs675641
,rs12739467
,rs676494
,rs676853
,rs678246
,rs12760236
,rs582598
,rs583027
,rs660100
,rs4654548
,rs661886
,rs6681032
,rs675748
,rs600649
,rs10799237
,rs350165
,rs4654549
,rs4654439
,rs4654550
,rs12127878
,rs16839157
,rs10753381
,rs4654441
,rs7537577
,rs1870509
,rs1018306
,rs10799238
,rs350162
,rs706146
,rs780570
,rs12031045
,rs780569
,rs12035160
,rs10799241
,rs16839168
,rs16839171
,rs780568
,rs1612698
,rs1710416
,rs1762823
,rs4654552
,rs1710415
,rs1762825
,rs10915549
,rs1762826
,rs4480324
,rs4323680
,rs4442344
,rs12134323
,rs1710421
,rs1710423
,rs1710424
,rs7520856
,rs10915550
,rs1399850
,rs11806454
,rs10737413
,rs1762830
,rs1710430
,rs670296
,rs7536708
,rs4654443
,rs7545719
,rs16839195
,rs6703696
,rs12039806
,rs17348734
,rs12038994
,rs16839198
,rs12039070
,rs12039101
,rs1229148
,rs12035830
,rs13375249
,rs12406335
,rs13375764
,rs12135381
,rs12039682
,rs685831
,rs12039710
,rs608203
,rs607850
,rs7516166
,rs518456
,rs10489135
,rs2076883
,rs705691
,rs6661491
,rs12140693
,rs241240
,rs12040164
,rs6664407
,rs780983
,rs241239
,rs241238
,rs10915551
,rs241237
,rs241233
,rs241231
,rs241230
,rs1515673
,rs171318
,rs241228
,rs537398
,rs509960
,rs6690385
,rs12086217
,rs12080165
,rs12754277
,rs553435
,rs608492
,rs12726510
,rs596360
,rs494638
,rs489371
,rs489316
,rs592726
,rs6673713
,rs12748214
,rs543653
,rs542688
,rs625627
,rs541929
,rs10915556
,rs2051641
,rs10915557
,rs10915558
,rs988088
,rs507991
,rs694935
,rs694967
,rs6691031
,rs241215
,rs17348839
,rs241218
,rs241219
,rs12756562
,rs12092980
,rs6678920
,rs6679141
,rs241220
,rs16839257
,rs241221
,rs16839263
,rs241222
,rs17348860
,rs17348867
,rs6690675
,rs241244
,rs16839272
,rs241246
,rs241247
,rs241248
,rs7542801
,rs7549444
,rs12117466
,rs12728076
,rs241250
,rs241252
,rs241256
,rs241257
,rs171319
,rs4654556
,rs241261
,rs6685798
,rs916408
,rs241263
,rs241264
,rs241265
,rs10915560
,rs12120353
,rs16839306
,rs12748186
,rs977271
,rs12028120
,rs241273
,rs241275
,rs241277
,rs241278
,rs16839328
,rs7526879
,rs241212
,rs2138291
,rs241211
,rs171317
,rs241210
,rs12075731
,rs241209
,rs11584033
,rs1541318
,rs1157688
,rs1024139
,rs241225
,rs241224
,rs2078573
,rs515279
,rs538655
,rs619364
,rs536749
,rs562787
,rs532259
,rs6691728
,rs558411
,rs644647
,rs669252
,rs504274
,rs916404
,rs1811133
,rs10915566
,rs548958
,rs546397
,rs1515671
,rs1849943
,rs12079284
,rs164774
,rs10489134
,rs17349020
,rs164772
,rs7518655
,rs7518781
,rs164771
,rs526695
,rs651695
,rs549239
,rs12567277
,rs589176
,rs602244
,rs563481
,rs537761
,rs618751
,rs164781
,rs241243
,rs164780
,rs151716
,rs12141994
,rs11590266
,rs3896439
,rs164779
,rs6703429
,rs10489133
,rs763219
,rs4654569
,rs12401686
,rs1564670
,rs2411886
,rs2411887
,rs6691550
,rs4403602
,rs7554826
,rs7552067
,rs7555011
,rs7554792
,rs6688492
,rs12145928
,rs1905304
,rs12750191
,rs6668002
,rs6668016
,rs12026258
,rs6668199
,rs12403290
,rs12029434
,rs12028575
,rs4654575
,rs12029673
,rs6657421
,rs6674936
,rs1107467
,rs875807
,rs875806
,rs11580863
,rs2269620
,rs4654576
,rs7553610
,rs6662425
,rs6426430
,rs7526898
,rs7527078
,rs6680594
,rs4654577
,rs10799249
,rs12405615
,rs2071967
,rs12744374
,rs2101195
,rs12403911
,rs12122716
,rs12122754
,rs10915575
,rs12723960
,rs2035453
,rs7533451
,rs12125737
,rs4654454
,rs10915577
,rs6702210
,rs12127797
,rs900501
,rs1483198
,rs3947662
,rs6426432
,rs12406838
,rs1531830
,rs7517517
,rs12408160
,rs10799253
,rs12083131
,rs12083135
,rs10915579
,rs17455108
,rs12140542
,rs17421247
,rs11588149
,rs7517857
,rs11588169
,rs10915580
,rs12567266
,rs12752003
,rs12137938
,rs6658098
,rs6663166
,rs12138132
,rs12133670
,rs6667973
,rs6672744
,rs4654582
,rs4654583
,rs16839422
,rs12141394
,rs10915582
,rs10915583
,rs4144452
,rs10799255
,rs10799256
,rs11587129
,rs12138000
,rs1564666
,rs1564667
,rs4654585
,rs16839440
,rs12409187
,rs12411035
,rs13376219
,rs13376666
,rs16839447
,rs10915584
,rs11588881
,rs11810730
,rs16839450
,rs2071989
,rs2071990
,rs2071991
,rs2071992
,rs2071995
,rs11811287
,rs10799257
,rs11809744
,rs11799715
,rs12402269
,rs2859392
,rs763238
,rs17344940
,rs4993529
,rs10915587
,rs17344953
,rs16839462
,rs12747700
,rs6684528
,rs1076944
,rs4092257
,rs4654456
,rs242052
,rs4654587
,rs7525374
,rs7528195
,rs1076945
,rs9970681
,rs9970616
,rs4654457
,rs7518469
,rs3886389
,rs6686733
,rs6681520
,rs4654589
,rs6688423
,rs4654593
,rs242056
,rs2071999
,rs242058
,rs4654595
,rs16839502
,rs10799258
,rs11582951
,rs12239770
,rs3820250
,rs3820251
,rs12408263
,rs12566272
,rs12085854
,rs12407501
,rs3753700
,rs3820252
,rs3820253
,rs11586740
,rs242044
,rs242045
,rs16839525
,rs3766962
,rs242048
,rs242049
,rs242050
,rs732801
,rs242051
,rs3766964
,rs4448488
,rs3766965
,rs442170
,rs446529
,rs392630
,rs578528
,rs3753702
,rs431966
,rs367673
,rs4654598
,rs406065
,rs414176
,rs371605
,rs409048
,rs7532708
,rs368808
,rs11586743
,rs2802721
,rs364642
,rs449154
,rs381240
,rs380239
,rs4654605
,rs434474
,rs428001
,rs413383
,rs3766969
,rs401110
,rs3766971
,rs3820255
,rs12022212
,rs11591221
,rs16838479
,rs6700786
,rs7537345
,rs3753717
,rs6696372
,rs422988
,rs3753719
,rs523141
,rs3820256
,rs368420
,rs397559
,rs879092
,rs3766974
,rs443850
,rs742245
,rs12119784
,rs12119789
,rs12062212
,rs12066439
,rs424723
,rs2743979
,rs2802717
,rs12071255
,rs2802716
,rs9426502
,rs2743980
,rs426095
,rs7552069
,rs7518471
,rs11579209
,rs3950181
,rs2072901
,rs16839634
,rs9426503
,rs9426483
,rs423285
,rs418045
,rs396112
,rs428580
,rs407301
,rs12030346
,rs12737329
,rs10915597
,rs414434
,rs3766977
,rs874668
,rs12029492
,rs451162
,rs12747519
,rs397852
,rs399377
,rs874613
,rs394594
,rs414909
,rs392984
,rs12074406
,rs9426506
,rs9426484
,rs6426434
,rs11805709
,rs12133924
,rs6701069
,rs2235438
,rs2235439
,rs875402
,rs909757
,rs2235440
,rs2235441
,rs2235443
,rs17345239
,rs6662606
,rs6657800
,rs7520826
,rs2411894
,rs12408533
,rs932350
,rs12082538
,rs7524648
,rs11807645
,rs727906
,rs2411946
,rs760816
,rs10915601
,rs6426435
,rs4654606
,rs16839670
,rs10158511
,rs17345273
,rs17345280
,rs16839672
,rs4654607
,rs4654608
,rs4654609
,rs11588395
,rs2064168
,rs760817
,rs10915606
,rs10429868
,rs12022466
,rs12752806
,rs7534770
,rs12410445
,rs10915610
,rs1118009
,rs2206075
,rs10799262
,rs10915611
,rs10915612
,rs12120205
,rs10915613
,rs12145180
,rs12143219
,rs1120120
,rs10915616
,rs12121890
,rs2050010
,rs12122126
,rs12117810
,rs10915619
,rs1883345
,rs1883346
,rs1883347
,rs12070829
,rs2411948
,rs7516549
,rs10799264
,rs10915621
,rs6661090
,rs12063965
,rs12026226
,rs2181699
,rs12123816
,rs12028621
,rs10915622
,rs10799265
,rs12028290
,rs2025379
,rs2025378
,rs2025377
,rs12742986
,rs4654461
,rs12127053
,rs12118185
,rs11576972
,rs12067247
,rs7522386
,rs12124406
,rs7527319
,rs7547779
,rs11805663
,rs10915625
,rs10915626
,rs11582327
,rs7536960
,rs6669130
,rs6683849
,rs12725011
,rs11582462
,rs11582936
,rs7543326
,rs6693945
,rs2209167
,rs6426439
,rs10915627
,rs10915628
,rs10915631
,rs10799266
,rs6426440
,rs6426441
,rs2147028
,rs6693706
,rs1535734
,rs2898848
,rs10915644
,rs10915645
,rs12567053
,rs7512035
,rs1886112
,rs2411950
,rs11588518
,rs10915647
,rs12044914
,rs12044980
,rs12094945
,rs10489136
,rs10489137
,rs2209162
,rs10489138
,rs12691490
,rs11810903
,rs17345447
,rs17345454
,rs10753390
,rs12094634
,rs753447
,rs17349572
,rs942248
,rs7539101
,rs12091403
,rs10915652
,rs4654463
,rs7548372
,rs10733017
,rs11576728
,rs7543026
,rs6658585
,rs2224810
,rs2209160
,rs4654464
,rs1544062
,rs1544061
,rs4654619
,rs6664880
,rs16839786
,rs4654465
,rs16839789
,rs6426446
,rs6658531
,rs6663654
,rs4654620
,rs12026056
,rs2411952
,rs10915656
,rs2411953
,rs2031246
,rs1998542
,rs7524606
,rs1980722
,rs10915660
,rs17345545
,rs4654468
,rs10915662
,rs10915663
,rs11803696
,rs10737414
,rs7533707
,rs17349656
,rs7520488
,rs10753391
,rs6678459
,rs10753392
,rs10753394
,rs10915666
,rs6675549
,rs2209159
,rs12034557
,rs12034590
,rs11585038
,rs11805753
,rs10915668
,rs10915670
,rs10157835
,rs12565275
,rs2898849
,rs11583660
,rs12035499
,rs2411954
,rs11585268
,rs942245
,rs872973
,rs2898850
,rs6698453
,rs10915671
,rs12043326
,rs10799274
,rs10915672
,rs4141867
,rs11585340
,rs6702564
,rs1535733
,rs6666792
,rs2898851
,rs2093765
,rs2411955
,rs2093764
,rs2093763
,rs6675013
,rs6667433
,rs10915675
,rs1886111
,rs1886110
,rs4529681
,rs4644459
,rs2898852
,rs7417453
,rs16839825
,rs6666453
,rs6658988
,rs12567162
,rs11584727
,rs10799275
,rs11586643
,rs9426486
,rs9426509
,rs2898853
,rs10915679
,rs9426488
,rs12409253
,rs11588299
,rs12044092
,rs12049256
,rs11588368
,rs10915682
,rs10915683
,rs4654470
,rs12045266
,rs12048035
,rs12037632
,rs12040043
,rs9426467
,rs9426468
,rs12135772
,rs4654471
,rs7515780
,rs10915295
,rs17349719
,rs12042532
,rs12041887
,rs7555212
,rs6426367
,rs6426368
,rs6669905
,rs6678838
,rs9286971
,rs7531490
,rs7534281
,rs10915296
,rs6702058
,rs7521565
,rs7413385
,rs12403173
,rs12403228
,rs10915297
,rs7367109
,rs6664358
,rs12403612
,rs12411011
,rs9426490
,rs7522655
,rs10915298
,rs12410485
,rs12022487
,rs9426491
,rs6692780
,rs6701289
,rs10915299
,rs12117134
,rs6693486
,rs6656223
,rs12022383
,rs12029491
,rs12404173
,rs12126932
,rs10753343
,rs10799144
,rs10799145
,rs12119864
,rs6426374
,rs12754637
,rs6702660
,rs12741441
,rs140620
,rs3101218
,rs3101219
,rs3101220
,rs3128678
,rs1017724
,rs10799146
,rs6426375
,rs7525837
,rs10799149
,rs7518523
,rs7535462
,rs7535716
,rs6665175
,rs6689050
,rs12757902
,rs11581023
,rs12122541
,rs6666330
,rs12739724
,rs6657381
,rs1841241
,rs753365
,rs2334268
,rs1563791
,rs12131010
,rs7417805
,rs6679312
,rs7365286
,rs716671
,rs7541612
,rs9426492
,rs10737392
,rs12725971
,rs7367766
,rs6683624
,rs7418901
,rs12116428
,rs1599168
,rs1117325
,rs12566071
,rs12047194
,rs1466363
,rs9701766
,rs12134477
,rs9286972
,rs9286973
,rs10158116
,rs1380469
,rs10158288
,rs11808607
,rs10915307
,rs10737393
,rs12027167
,rs10915308
,rs11811747
,rs12123277
,rs1380470
,rs10915309
,rs9662885
,rs10915310
,rs10799151
,rs10915311
,rs10915312
,rs1870516
,rs1459756
,rs10753346
,rs10799152
,rs10915314
,rs12047764
,rs10915315
,rs6689504
,rs10915317
,rs2334259
,rs10799153
,rs12405441
,rs10442625
,rs1459765
,rs2169089
,rs720318
,rs716112
,rs716111
,rs1459764
,rs9439507
,rs4949164
,rs10915319
,rs7533014
,rs1563793
,rs6693990
,rs1459762
,rs10915322
,rs7538599
,rs1459761
,rs4949162
,rs12403444
,rs10915324
,rs1459760
,rs10799155
,rs10915326
,rs12759849
,rs10799157
,rs10915329
,rs3128685
,rs10915330
,rs970119
,rs1380472
,rs10915332
,rs10799158
,rs1563792
,rs1380471
,rs3128684
,rs12136845
,rs12047076
,rs6603832
,rs10915336
,rs11590026
,rs11578839
,rs3128686
,rs11579296
,rs3128687
,rs3128688
,rs3128689
,rs11579881
,rs10915341
,rs12029437
,rs12047111
,rs2334263
,rs6680801
,rs6672514
,rs12120144
,rs10915342
,rs9970988
,rs12404739
,rs12723011
,rs3101214
,rs3101213
,rs2199215
,rs12121092
,rs12033342
,rs12402345
,rs6668597
,rs13374176
,rs13374259
,rs13374190
,rs13374274
,rs2169087
,rs3101225
,rs2334262
,rs12405346
,rs9803863
,rs982156
,rs2242157
,rs1459766
,rs9439532
,rs12029489
,rs2169090
,rs1037809
,rs6659363
,rs10733013
,rs2722784
,rs7513590
,rs2611423
,rs2611424
,rs10799170
,rs10915352
,rs6701939
,rs10737396
,rs2722794
,rs2611426
,rs4949166
,rs4313443
,rs4356099
,rs2722793
,rs10753352
,rs6674378
,rs2722791
,rs2611422
,rs12756944
,rs3128690
,rs17366174
,rs17374719
,rs12083573
,rs6671889
,rs4949165
,rs10492923
,rs10492924
,rs9439505
,rs16840020
,rs10737397
,rs12409689
,rs10915359
,rs12122020
,rs10492925
,rs12045223
,rs9439506
,rs10799172
,rs10799173
,rs16840051
,rs6681359
,rs12401618
,rs11576612
,rs7543139
,rs4484964
,rs12743573
,rs9439508
,rs4345839
,rs4584438
,rs4543848
,rs12724699
,rs12025231
,rs9439510
,rs12121369
,rs10753353
,rs12027352
,rs12145645
,rs12741116
,rs6698288
,rs7517431
,rs12411059
,rs9439538
,rs12021698
,rs9439539
,rs10799174
,rs9439511
,rs10915363
,rs10915365
,rs12026730
,rs4512698
,rs4474304
,rs6690311
,rs6675995
,rs16840071
,rs11583683
,rs16840076
,rs7535017
,rs4076635
,rs12026977
,rs4394703
,rs6692740
,rs9286977
,rs4609478
,rs10492928
,rs7545119
,rs6698702
,rs6658613
,rs10915371
,rs6603818
,rs7547229
,rs4261153
,rs6688418
,rs4641339
,rs9439542
,rs12033926
,rs12038986
,rs17366825
,rs17366838
,rs6669501
,rs10492930
,rs10492931
,rs12043691
,rs6665697
,rs16840118
,rs10915375
,rs11583754
,rs17375504
,rs12041491
,rs12083008
,rs10492932
,rs7536712
,rs10492933
,rs2722780
,rs1320178
,rs1320179
,rs2722781
,rs2679216
,rs2722782
,rs7528871
,rs6677630
,rs6678467
,rs12136793
,rs7529688
,rs16840171
,rs2679218
,rs2722786
,rs2722787
,rs12043987
,rs1878774
,rs16840177
,rs6603821
,rs10915378
,rs2353159
,rs2353160
,rs10915379
,rs12042867
,rs12140099
,rs12045823
,rs10915385
,rs2883104
,rs4565728
,rs12047612
,rs16840183
,rs7549461
,rs7511995
,rs16840190
,rs7546667
,rs12121771
,rs10753355
,rs10799184
,rs938962
,rs7521312
,rs7521315
,rs7552988
,rs7524460
,rs12131678
,rs12067876
,rs4259664
,rs632051
,rs12031466
,rs677735
,rs4847562
,rs2353169
,rs473104
,rs586165
,rs584402
,rs12026938
,rs551536
,rs550558
,rs549773
,rs663998
,rs663142
,rs10915389
,rs611422
,rs534188
,rs12125575
,rs511282
,rs599481
,rs12066405
,rs2945617
,rs480807
,rs6687834
,rs474456
,rs472768
,rs676589
,rs675738
,rs674421
,rs673451
,rs12125074
,rs10799185
,rs6704207
,rs650992
,rs7549686
,rs10915393
,rs6603823
,rs7534404
,rs10915395
,rs12135834
,rs12128282
,rs4465222
,rs4465223
,rs4579768
,rs10915396
,rs6686714
,rs580309
,rs4475768
,rs670971
,rs494046
,rs16840267
,rs6659474
,rs6703455
,rs6703948
,rs12091281
,rs16840287
,rs16840289
,rs2353171
,rs4847582
,rs4847581
,rs12089315
,rs2945618
,rs2986191
,rs646166
,rs645289
,rs632798
,rs630674
,rs630153
,rs972257
,rs972256
,rs17456252
,rs499416
,rs681122
,rs531507
,rs12139398
,rs648378
,rs536995
,rs646542
,rs17422703
,rs479689
,rs2986190
,rs484203
,rs2945621
,rs619423
,rs552154
,rs590229
,rs579467
,rs587619
,rs684796
,rs493993
,rs494138
,rs495765
,rs497780
,rs4847580
,rs682425
,rs17423021
,rs2860250
,rs2353173
,rs4290073
,rs4633300
,rs4847579
,rs10799189
,rs600322
,rs11808981
,rs11800907
,rs598031
,rs584938
,rs583170
,rs12746195
,rs12732868
,rs12747559
,rs12746515
,rs12747870
,rs12729227
,rs12746867
,rs12729373
,rs4847577
,rs17457156
,rs4847576
,rs2986188
,rs541414
,rs17423335
,rs572562
,rs573318
,rs613882
,rs615185
,rs490606
,rs17423410
,rs12568032
,rs17457350
,rs549155
,rs12745472
,rs2986187
,rs12750537
,rs12751752
,rs12733390
,rs10492935
,rs17457420
,rs17423547
,rs16840455
,rs17423575
,rs12142741
,rs12141954
,rs12141957
,rs12743146
,rs561629
,rs592082
,rs7555201
,rs604664
,rs12094921
,rs568031
,rs10915403
,rs10915404
,rs12569229
,rs622315
,rs623058
,rs623106
,rs633670
,rs505538
,rs557477
,rs17423659
,rs560335
,rs561303
,rs565941
,rs665471
,rs678476
,rs4417082
,rs4622076
,rs12124941
,rs12124967
,rs12144444
,rs12144481
,rs12125043
,rs10915406
,rs10915409
,rs2353174
,rs2353175
,rs12145750
,rs1028808
,rs927806
,rs927807
,rs9439514
,rs1886954
,rs12120364
,rs9439549
,rs7522758
,rs7530063
,rs7516132
,rs715897
,rs4287614
,rs1926057
,rs715896
,rs10737401
,rs6603826
,rs10753360
,rs932789
,rs12131122
,rs912987
,rs912988
,rs7536269
,rs912989
,rs4030898
,rs12127626
,rs10799191
,rs10158947
,rs10157206
,rs9439550
,rs912991
,rs11579529
,rs9439551
,rs11579000
,rs9439519
,rs3901959
,rs9439557
,rs9439521
,rs9439522
,rs9439523
,rs9439525
,rs10799192
,rs9439527
,rs4847572
,rs4847571
,rs12040886
,rs12737164
,rs12040942
,rs11582770
,rs10915413
,rs4478820
,rs16840503
,rs10915414
,rs9439563
,rs5026665
,rs5026664
,rs10799193
,rs9439528
,rs9439564
,rs2031582
,rs2148210
,rs4847569
,rs4847568
,rs2182354
,rs1926061
,rs9439567
,rs4617410
,rs4847567
,rs7514534
,rs6662148
,rs7512506
,rs10157507
,rs1570964
,rs4847565
,rs16840531
,rs874995
,rs12568698
,rs7533073
,rs16840538
,rs4847564
,rs11576325
,rs11576342
,rs9439531
,rs11586952
,rs4847563
,rs17459007
,rs11589810
,rs9439570
,rs12065434
,rs729206
,rs912993
,rs1326006
,rs10799195
,rs10799196
,rs1028810
,rs11576334
,rs2148211
,rs1033958
,rs966630
,rs12118794
,rs10799197
,rs10915416
,rs1326005
,rs12408534
,rs11587319
,rs11587325
,rs7552583
,rs12410822
,rs12752113
,rs11811497
,rs12738923
,rs7555454
,rs7518966
,rs7364349
,rs7512133
,rs7525683
,rs6681674
,rs11583534
,rs11583605
,rs11578287
,rs11801594
,rs11801490
,rs11584808
,rs11578764
,rs7368252
,rs12029480
,rs11586280
,rs11586284
,rs10465913
,rs11586328
,rs11582323
,rs7418357
,rs7366321
,rs11587457
,rs6603834
,rs11576458
,rs11576460
,rs6603835
,rs7417543
,rs11260641
,rs11260646
,rs6688540
,rs3924260
,rs6603839
,rs2355
,rs11260657
,rs3922826
,rs6603840
,rs12730478
,rs12735700
,rs7415936
,rs10907211
,rs12724170
,rs11260687
,rs7367086
,rs10907213
,rs12563995
,rs10907214
,rs12562483
,rs12061418
,rs12065301
,rs6668700
,rs7513309
,rs11260694
,rs11260695
,rs12739885
,rs7515412
,rs12568815
,rs11260696
,rs6672325
,rs6603841
,rs7536506
,rs12566922
,rs7414322
,rs7414864
,rs7415896
,rs9286077
,rs9329424
,rs1004125
,rs2012852
,rs12049337
,rs9729575
,rs10796404
,rs9787315
,rs17028069
,rs17345621
,rs9729637
,rs12045091
,rs9786944
,rs12030717
,rs12126301
,rs11260698
,rs12120052
,rs11260699
,rs11260700
,rs10907218
,rs12029507
,rs10907219
,rs11260702
,rs10796405
,rs9662668
,rs10796406
,rs2071953
,rs2071956
,rs2071957
,rs2071958
,rs10907220
,rs2071959
,rs17028104
,rs4845798
,rs10796407
,rs10796408
,rs1573738
,rs9661310
,rs1573739
,rs4845816
,rs17028122
,rs17028133
,rs9659669
,rs12123786
,rs11260630
,rs916374
,rs11260631
,rs12027231
,rs12127812
,rs9660822
,rs10796397
,rs12129833
,rs9730140
,rs12128558
,rs9730430
,rs10796398
,rs9729649
,rs12134185
,rs878141
,rs10796400
,rs9726442
,rs9660967
,rs1967969
,rs2008457
,rs959873
,rs9659396
,rs10907197
,rs1342690
,rs9662131
,rs10737109
,rs10796402
,rs9787199
,rs9329416
,rs2153900
,rs763175
,rs9439609
,rs12085938
,rs9439610
,rs10907198
,rs11260640
,rs1342691
,rs1009976
,rs12087663
,rs1418630
,rs1418631
,rs12094443
,rs7515958
,rs1935759
,rs11799884
,rs2382832
,rs6691529
,rs12119802
,rs2211417
,rs1418632
,rs1935767
,rs1935766
,rs1935765
,rs12062988
,rs12064488
,rs2211415
,rs1935764
,rs1935763
,rs6701294
,rs1935762
,rs763176
,rs2382831
,rs763177
,rs11260644
,rs1891496
,rs12069164
,rs1935761
,rs17028231
,rs974445
,rs7521201
,rs1935760
,rs11803192
,rs9439613
,rs12062652
,rs6687987
,rs6679096
,rs6673119
,rs11260647
,rs7523214
,rs7535740
,rs9439614
,rs1935752
,rs4845835
,rs12068444
,rs12072583
,rs12073973
,rs12070056
,rs2891080
,rs2382830
,rs17028255
,rs1935753
,rs12078722
,rs6693568
,rs4845837
,rs10796403
,rs11260648
,rs7522344
,rs11260649
,rs904526
,rs904525
,rs11583154
,rs11583994
,rs937486
,rs1775403
,rs1775404
,rs1775405
,rs2226156
,rs11582317
,rs1775407
,rs11582731
,rs12080410
,rs1695639
,rs1466838
,rs1775423
,rs6603844
,rs1775421
,rs1775420
,rs1695643
,rs1353845
,rs1818038
,rs12078796
,rs1695645
,rs4845803
,rs4845804
,rs4845805
,rs1775417
,rs10907200
,rs12036552
,rs1775416
,rs12407564
,rs7538946
,rs12041102
,rs12038487
,rs2382638
,rs1603936
,rs6662188
,rs4845807
,rs986073
,rs1573094
,rs1278833
,rs13376100
,rs1278835
,rs1775415
,rs1775414
,rs10907201
,rs12139270
,rs11809594
,rs950601
,rs11811237
,rs17028295
,rs7528859
,rs770687
,rs770685
,rs1932330
,rs1857203
,rs709187
,rs709186
,rs12116874
,rs11260661
,rs707583
,rs707582
,rs770718
,rs11260662
,rs1316481
,rs884994
,rs945325
,rs2011457
,rs17459914
,rs1775395
,rs9439602
,rs9439584
,rs10907205
,rs1587406
,rs9439603
,rs9439587
,rs10157794
,rs9329417
,rs10157819
,rs9439605
,rs12402549
,rs9439606
,rs1775396
,rs1775398
,rs1695623
,rs945324
,rs12143743
,rs17426290
,rs945323
,rs945322
,rs945321
,rs1695624
,rs12145625
,rs9439607
,rs12751182
,rs17460221
,rs770679
,rs770680
,rs811283
,rs770681
,rs11578045
,rs770682
,rs770683
,rs12031323
,rs17028422
,rs4845808
,rs1855786
,rs12119911
,rs12028768
,rs12029598
,rs17426695
,rs17028442
,rs6666290
,rs6670965
,rs4845810
,rs12752140
,rs17028460
,rs10492947
,rs11260666
,rs10465907
,rs10465910
,rs12078231
,rs10465911
,rs10465908
,rs6690868
,rs17028491
,rs12130177
,rs12124816
,rs4845811
,rs12354139
,rs17028511
,rs12076443
,rs904524
,rs11260670
,rs12078031
,rs12078062
,rs17467353
,rs17427125
,rs971816
,rs971815
,rs971814
,rs1499396
,rs12036857
,rs6690488
,rs12033422
,rs4845812
,rs1499395
,rs697708
,rs709184
,rs707586
,rs707587
,rs707588
,rs707589
,rs707590
,rs707591
,rs813444
,rs770684
,rs2488379
,rs1695634
,rs1775408
,rs11260671
,rs1763319
,rs1695631
,rs1763321
,rs1695629
,rs1763322
,rs1695628
,rs1763323
,rs771073
,rs1763324
,rs7554523
,rs12091928
,rs1695626
,rs1763326
,rs770721
,rs770720
,rs973978
,rs12038069
,rs12038771
,rs707579
,rs707580
,rs1775412
,rs1695614
,rs1763334
,rs7544244
,rs7544257
,rs707592
,rs771071
,rs7534273
,rs707593
,rs707594
,rs10492948
,rs770700
,rs811284
,rs7542260
,rs770701
,rs3913319
,rs770702
,rs10492949
,rs770703
,rs770704
,rs770706
,rs770707
,rs1278832
,rs709189
,rs709188
,rs770709
,rs2649069
,rs2649070
,rs770710
,rs770711
,rs2783556
,rs2842268
,rs11579624
,rs811285
,rs1695617
,rs2649071
,rs2649072
,rs2649073
,rs2649074
,rs11260675
,rs2649077
,rs2842266
,rs7521197
,rs770713
,rs796396
,rs770693
,rs2783558
,rs2649078
,rs873982
,rs1695622
,rs2783557
,rs770695
,rs770696
,rs770697
,rs770698
,rs12074462
,rs1414379
,rs904534
,rs904533
,rs904532
,rs904531
,rs904530
,rs2649092
,rs2649089
,rs2244632
,rs10907212
,rs2649086
,rs1875037
,rs1875036
,rs2842262
,rs11260678
,rs1909464
,rs2649052
,rs2842261
,rs2649053
,rs2842260
,rs2649054
,rs2842258
,rs2842257
,rs12734259
,rs12738264
,rs1995219
,rs2649060
,rs2842256
,rs2842255
,rs2649062
,rs2649063
,rs2133496
,rs1875032
,rs11260682
,rs11260683
,rs924378
,rs1472486
,rs12059728
,rs12061030
,rs12057720
,rs4614262
,rs4428894
,rs4433399
,rs17429690
,rs11260689
,rs12060268
,rs17469995
,rs17028749
,rs12064304
,rs17429872
,rs17028756
,rs17470162
,rs12126144
,rs9660585
,rs9329421
,rs9329423
,rs12076190
,rs4072521
,rs4072522
,rs3935073
,rs4276922
,rs4129514
,rs4129515
,rs17470345
,rs17028789
,rs17028791
,rs4440856
,rs11803700
,rs11260693
,rs1890190
,rs9725925
,rs9308476
,rs10864640
,rs1890191
,rs12724178
,rs11121039
,rs12745075
,rs11121170
,rs2485655
,rs9727677
,rs1698976
,rs1698974
,rs1698973
,rs2174123
,rs1765723
,rs11590577
,rs11579676
,rs11590626
,rs11579719
,rs9729210
,rs9729215
,rs489834
,rs523275
,rs525289
,rs1698977
,rs1698978
,rs1698979
,rs1698980
,rs1624858
,rs4845825
,rs1765720
,rs9726616
,rs1765719
,rs506776
,rs472189
,rs495376
,rs2062783
,rs2455772
,rs10779718
,rs10864408
,rs1287615
,rs1287616
,rs11121402
,rs17471243
,rs1287617
,rs1287618
,rs1287619
,rs548726
,rs522049
,rs10157281
,rs11121518
,rs2089021
,rs875333
,rs12146024
,rs12127179
,rs1287622
,rs17471528
,rs1287623
,rs12122008
,rs17431341
,rs11121600
,rs12121542
,rs11121605
,rs11121607
,rs11121608
,rs562118
,rs12133533
,rs11121648
,rs11805141
,rs1287635
,rs11121682
,rs1287634
,rs489933
,rs12122894
,rs12737596
,rs555164
,rs12122135
,rs2297791
,rs1287630
,rs12405167
,rs1287626
,rs11121790
,rs472651
,rs905469
,rs905468
,rs868162
,rs868163
,rs905467
,rs12135056
,rs1287637
,rs1622955
,rs3747992
,rs3747990
,rs3747988
,rs17432065
,rs17432114
,rs17432121
,rs11121915
,rs17472401
,rs1287625
,rs17472436
,rs11121956
,rs12079601
,rs4908559
,rs12735231
,rs10746504
,rs2282281
,rs9729880
,rs11122097
,rs11122098
,rs11122104
,rs12134240
,rs11122113
,rs12058375
,rs12139627
,rs7519953
,rs12401883
,rs12728066
,rs10864631
,rs11586334
,rs11577514
,rs2312464
,rs2134551
,rs4908936
,rs11122125
,rs12120967
,rs571655
,rs3747987
,rs9628989
,rs9628990
,rs12123214
,rs12116997
,rs12119123
,rs6694744
,rs11120772
,rs11587302
,rs7549818
,rs962662
,rs11120781
,rs7549324
,rs11120782
,rs7535806
,rs11120786
,rs7549369
,rs1011994
,rs12142363
,rs7548619
,rs11590397
,rs11590436
,rs11578430
,rs11578452
,rs12742075
,rs11120805
,rs11120806
,rs12121044
,rs11120810
,rs11576617
,rs12118477
,rs869107
,rs521736
,rs11120832
,rs12126123
,rs2062784
,rs2152922
,rs12033563
,rs1566724
,rs10492950
,rs551207
,rs11120871
,rs4908603
,rs10864284
,rs11583658
,rs6702707
,rs6658969
,rs6659420
,rs6662680
,rs7555293
,rs11584087
,rs6660956
,rs12132390
,rs7554679
,rs7518555
,rs2011197
,rs12083678
,rs875574
,rs12745395
,rs2047811
,rs11588889
,rs12138609
,rs2062785
,rs12409002
,rs11587485
,rs4908458
,rs4068399
,rs4908638
,rs11586352
,rs485942
,rs2312050
,rs12753871
,rs882128
,rs11587341
,rs11120933
,rs4908639
,rs4908641
,rs10779685
,rs2312049
,rs12116780
,rs806103
,rs806104
,rs11120961
,rs11588161
,rs812051
,rs12142270
,rs1295111
,rs709207
,rs806106
,rs806108
,rs806111
,rs1295101
,rs7524578
,rs1295099
,rs531099
,rs806114
,rs517183
,rs546526
,rs482158
,rs1295107
,rs7539366
,rs12037728
,rs10864321
,rs11121065
,rs1295103
,rs10218823
,rs7552747
,rs12076209
,rs11585078
,rs1295094
,rs1295093
,rs1295090
,rs3761923
,rs1295087
,rs4908494
,rs4908728
,rs3789565
,rs3789563
,rs3789562
,rs3789560
,rs3789559
,rs1295085
,rs756096
,rs2010057
,rs12047044
,rs3789553
,rs4908752
,rs17029103
,rs6679367
,rs3827724
,rs3789543
,rs2871871
,rs11121187
,rs6701690
,rs3789541
,rs12741018
,rs2294934
,rs2273042
,rs3789530
,rs3789529
,rs1056866
,rs3810993
,rs3810991
,rs3810990
,rs12037962
,rs1883768
,rs12094320
,rs12046716
,rs2281303
,rs4908780
,rs12142108
,rs1883767
,rs2843495
,rs2843493
,rs2273041
,rs6703057
,rs9434661
,rs6703624
,rs2273033
,rs1883766
,rs12754299
,rs9434662
,rs2235790
,rs11121295
,rs11121299
,rs3765451
,rs7513548
,rs2250358
,rs2746064
,rs2273032
,rs17436816
,rs17489787
,rs9435102
,rs11121328
,rs12067480
,rs12734251
,rs1883606
,rs12565328
,rs10864393
,rs2311388
,rs1883604
,rs12074369
,rs9434741
,rs747393
,rs747392
,rs731975
,rs4908529
,rs4908850
,rs11121407
,rs7542655
,rs1534997
,rs12143847
,rs4908863
,rs11121449
,rs2247392
,rs3789524
,rs4908864
,rs12073329
,rs2294711
,rs12071731
,rs709209
,rs2092412
,rs846111
,rs14281
,rs12070839
,rs1802353
,rs4908541
,rs12073932
,rs6577565
,rs6577566
,rs4908542
,rs2281259
,rs11590458
,rs2057006
,rs4908872
,rs4908874
,rs12063157
,rs3789512
,rs1883607
,rs10489535
,rs6682058
,rs3789504
,rs12404358
,rs1999835
,rs3789500
,rs7554077
,rs17361663
,rs17361670
,rs17029370
,rs17029372
,rs7547093
,rs2143368
,rs7543514
,rs11121611
,rs4908877
,rs3789492
,rs3789491
,rs761109
,rs10489536
,rs7546772
,rs17029374
,rs4908880
,rs3789485
,rs3789484
,rs11801103
,rs3789482
,rs6680950
,rs4908881
,rs17029376
,rs3827718
,rs722333
,rs2010905
,rs9662106
,rs3789465
,rs3827717
,rs4908547
,rs7512532
,rs6683017
,rs6675376
,rs6687830
,rs3789463
,rs4536029
,rs6663299
,rs7524775
,rs7534046
,rs4582826
,rs17029399
,rs17026985
,rs4908888
,rs11121831
,rs7529205
,rs11485227
,rs3791184
,rs11364
,rs4908891
,rs12078257
,rs932402
,rs2103673
,rs10864548
,rs11121875
,rs3138158
,rs3138156
,rs2986754
,rs3007420
,rs3007421
,rs2986751
,rs1002966
,rs2986749
,rs2986738
,rs2986739
,rs2986742
,rs11806429
,rs9434795
,rs11806282
,rs2986745
,rs4908898
,rs737243
,rs4908554
,rs12045992
,rs4908901
,rs11121985
,rs3935435
,rs4243829
,rs4243830
,rs4243831
,rs1010583
,rs17438786
,rs1556035
,rs1010584
,rs4908904
,rs12046229
,rs11122043
,rs12410405
,rs7540913
,rs10158949
,rs4908558
,rs11809957
,rs11811007
,rs1064835
,rs13513
,rs908273
,rs11122082
,rs932112
,rs11122083
,rs12046884
,rs12401795
,rs10864614
,rs11122085
,rs4908909
,rs4908561
,rs4908910
,rs4908911
,rs10779787
,rs12760251
,rs4908915
,rs3761927
,rs6679649
,rs10746502
,rs11122091
,rs10864625
,rs4908923
,rs12565181
,rs10864627
,rs11122094
,rs12080675
,rs11587438
,rs12041318
,rs11122100
,rs4908932
,rs731024
,rs6682920
,rs17029628
,rs201171
,rs1556036
,rs2232463
,rs7521134
,rs4587589
,rs12028517
,rs6674407
,rs481771
,rs11583755
,rs200436
,rs10779795
,rs2072948
,rs3747994
,rs14057
,rs2076363
,rs11122109
,rs742394
,rs3174820
,rs12727844
,rs1043681
,rs10523
,rs11892
,rs200448
,rs200447
,rs200458
,rs200457
,rs200454
,rs12137794
,rs7549198
,rs17365584
,rs2235564
,rs200440
,rs6577584
,rs200452
,rs2281190
,rs200451
,rs6577588
,rs149857
,rs6659873
,rs2235563
,rs11122115
,rs2294528
,rs3789573
,rs201151
,rs3789572
,rs200446
,rs201166
,rs156985
,rs12126058
,rs200444
,rs277686
,rs156989
,rs156988
,rs3827729
,rs429383
,rs278017
,rs278020
,rs278021
,rs399242
,rs3747993
,rs11122119
,rs277669
,rs277670
,rs277671
,rs277672
,rs546126
,rs277678
,rs277679
,rs202577
,rs277681
,rs277682
,rs4390192
,rs11590169
,rs447558
,rs380582
,rs449250
,rs2134318
,rs17029815
,rs11122126
,rs12724107
,rs277675
,rs11122129
,rs443061
,rs454782
,rs11122133
,rs11122135
,rs277666
,rs277665
,rs277664
,rs12069069
,rs17027008
,rs10864637
,rs12034160
,rs7512367
,rs656205
,rs376778
,rs422111
,rs11122140
,rs396617
,rs378930
,rs406028
,rs406619
,rs406053
,rs427517
,rs11122141
,rs430962
,rs416467
,rs448886
,rs6679514
,rs3861756
,rs399951
,rs391674
,rs1475635
,rs11122144
,rs11122146
,rs12142932
,rs277667
,rs17029843
,rs10864639
,rs12753357
,rs12023549
,rs12048319
,rs6664814
,rs5021612
,rs1542899
,rs12059518
,rs12026698
,rs17029856
,rs7536222
,rs17029864
,rs1912232
,rs12070784
,rs12735232
,rs589178
,rs17441010
,rs659459
,rs4908424
,rs11808855
,rs12135223
,rs12058625
,rs629196
,rs11577580
,rs12044121
,rs17029909
,rs623974
,rs779142
,rs12088027
,rs12093227
,rs17441375
,rs811400
,rs11120773
,rs11120776
,rs7522354
,rs12409798
,rs17494486
,rs11120777
,rs950930
,rs1396904
,rs7521838
,rs12060382
,rs17029940
,rs11578279
,rs12023462
,rs4908425
,rs12058103
,rs10864244
,rs12736358
,rs11582310
,rs12354122
,rs12568147
,rs17441830
,rs12755217
,rs1972306
,rs12406288
,rs17029963
,rs6657847
,rs11120780
,rs17029968
,rs6688732
,rs4908572
,rs7543288
,rs6676311
,rs17029985
,rs7546903
,rs2063313
,rs10492951
,rs17029988
,rs6655933
,rs12140089
,rs4908573
,rs950493
,rs10399866
,rs3810982
,rs12727063
,rs17030032
,rs1876848
,rs17030041
,rs17030044
,rs6691442
,rs7515502
,rs12132296
,rs6577393
,rs12133292
,rs12711514
,rs17495634
,rs11586867
,rs11120785
,rs17495675
,rs4908427
,rs4908428
,rs1892262
,rs1892261
,rs12751613
,rs12122806
,rs9645400
,rs12125176
,rs10864247
,rs7414812
,rs867389
,rs2412220
,rs4908574
,rs2898917
,rs2412219
,rs6577394
,rs7545419
,rs1567401
,rs878896
,rs7519035
,rs6577395
,rs12043429
,rs11586158
,rs4908575
,rs12134815
,rs7538627
,rs6688108
,rs11578608
,rs11120795
,rs10864252
,rs1876847
,rs11120796
,rs7554752
,rs12239076
,rs10864255
,rs884736
,rs11809206
,rs12726405
,rs7539029
,rs4908581
,rs11120797
,rs1013248
,rs1828308
,rs11120799
,rs4908430
,rs17030082
,rs12033659
,rs6685497
,rs6673655
,rs4550079
,rs12127887
,rs6679134
,rs4518923
,rs6701312
,rs6686349
,rs6698901
,rs6703004
,rs10128029
,rs11120807
,rs6660239
,rs4908582
,rs1317016
,rs1317017
,rs6681529
,rs6658461
,rs12128446
,rs12043302
,rs10128022
,rs10128028
,rs12130688
,rs17030127
,rs17030129
,rs7525119
,rs2186090
,rs6674104
,rs6682302
,rs11120813
,rs2898915
,rs2898914
,rs4908433
,rs6577398
,rs6577400
,rs2275907
,rs2275909
,rs6691809
,rs12061141
,rs7513507
,rs6577401
,rs7516707
,rs11588097
,rs6656639
,rs7543531
,rs11589210
,rs6681921
,rs10429971
,rs6577402
,rs7517245
,rs6665293
,rs4287204
,rs7543753
,rs6690584
,rs6693691
,rs6702309
,rs11809898
,rs11120816
,rs11120817
,rs2412216
,rs4908434
,rs12065216
,rs17030152
,rs11120818
,rs11120820
,rs11588846
,rs4908586
,rs4243823
,rs2412215
,rs10864266
,rs4908587
,rs4500344
,rs12048981
,rs2412211
,rs2412208
,rs12738895
,rs10864267
,rs6577407
,rs4908588
,rs7553111
,rs7522254
,rs12048599
,rs7553537
,rs12097009
,rs12728534
,rs7517585
,rs6686587
,rs6577408
,rs7535234
,rs7524998
,rs7525088
,rs4074964
,rs4074963
,rs4074962
,rs12060206
,rs12034823
,rs12024267
,rs12027605
,rs6577409
,rs10746465
,rs12025462
,rs11580005
,rs12028151
,rs4908590
,rs4908591
,rs12564136
,rs6577410
,rs11120822
,rs11120823
,rs4378229
,rs11120825
,rs6577411
,rs6700922
,rs6690314
,rs12133505
,rs11120826
,rs7552540
,rs7553100
,rs4908595
,rs10779671
,rs4436414
,rs7414485
,rs11588586
,rs6656691
,rs10864269
,rs10864270
,rs11587771
,rs3923058
,rs4553221
,rs7553335
,rs7522545
,rs4908596
,rs7536178
,rs6577412
,rs12093520
,rs11584416
,rs4908597
,rs4564160
,rs11120831
,rs7538105
,rs10864271
,rs7537360
,rs7535157
,rs4565737
,rs9434824
,rs12044473
,rs9434457
,rs6694566
,rs9434826
,rs17345754
,rs9434458
,rs7516124
,rs11120837
,rs9434829
,rs7542535
,rs7542716
,rs9434830
,rs2187901
,rs1009113
,rs9434459
,rs9434833
,rs7511741
,rs4908598
,rs7515073
,rs9434834
,rs6662892
,rs2032537
,rs7544611
,rs17345768
,rs9434835
,rs2071917
,rs2071918
,rs12070413
,rs12070592
,rs10864275
,rs10864276
,rs12031501
,rs1010808
,rs1010806
,rs9434462
,rs4908438
,rs10864278
,rs10864279
,rs10864280
,rs11120840
,rs4908439
,rs4908440
,rs2071919
,rs10779674
,rs11120842
,rs17349901
,rs7528710
,rs6694886
,rs1005430
,rs4908599
,rs17030322
,rs17349921
,rs7527268
,rs6684264
,rs11120852
,rs11801958
,rs9434844
,rs9434469
,rs9434845
,rs6674708
,rs6689977
,rs7532024
,rs4908443
,rs10779675
,rs6656160
,rs11120854
,rs9434847
,rs9434848
,rs11120855
,rs4460663
,rs6698911
,rs17349997
,rs12032971
,rs9434479
,rs7514689
,rs4908600
,rs12090163
,rs4908601
,rs970973
,rs12081791
,rs1894647
,rs12751444
,rs17030379
,rs6681261
,rs6693832
,rs17030384
,rs11587739
,rs9434482
,rs7517897
,rs7527889
,rs12085411
,rs13376128
,rs9434483
,rs10779676
,rs4908602
,rs6675661
,rs6667429
,rs6678950
,rs11120869
,rs11579066
,rs7527250
,rs6577416
,rs6577417
,rs743981
,rs6687729
,rs6680365
,rs7550518
,rs17030477
,rs11120874
,rs4418630
,rs4908445
,rs1015071
,rs1015072
,rs10864286
,rs6692120
,rs12735487
,rs4908605
,rs4908446
,rs1008298
,rs12125984
,rs12129590
,rs7518864
,rs11120876
,rs11581497
,rs763195
,rs2097524
,rs1116254
,rs8179413
,rs4908448
,rs4908607
,rs2157499
,rs7514988
,rs916392
,rs916393
,rs2412153
,rs12035586
,rs17030589
,rs12562461
,rs11120880
,rs12144179
,rs763197
,rs7524258
,rs6577424
,rs4908449
,rs4908450
,rs4908608
,rs12144375
,rs7521056
,rs4908451
,rs6670323
,rs2412150
,rs11120884
,rs6577425
,rs6577426
,rs6693725
,rs2067995
,rs7536993
,rs4908610
,rs1476047
,rs6701870
,rs11578746
,rs6577427
,rs7551574
,rs7544004
,rs6577428
,rs12028181
,rs7512599
,rs7549870
,rs7547519
,rs9988463
,rs17030630
,rs6698548
,rs6661170
,rs6698698
,rs6577429
,rs10864289
,rs11120887
,rs6667599
,rs7515140
,rs7549382
,rs916394
,rs4908612
,rs7556024
,rs11581774
,rs11120889
,rs6577430
,rs11120890
,rs11583129
,rs1034453
,rs10779680
,rs7517429
,rs10864290
,rs1034454
,rs12043571
,rs10864291
,rs2412148
,rs2412147
,rs12740683
,rs17030680
,rs12745074
,rs12039874
,rs7541881
,rs7539551
,rs6577433
,rs4908616
,rs11120894
,rs12409413
,rs17030695
,rs2001142
,rs4908453
,rs1894654
,rs6577434
,rs2071924
,rs17350193
,rs6662782
,rs11120896
,rs9659928
,rs9660884
,rs12410983
,rs10489142
,rs17346094
,rs10864293
,rs12026592
,rs7530939
,rs2213778
,rs11120897
,rs6699580
,rs12404510
,rs1005670
,rs12128469
,rs12402763
,rs12405371
,rs17030707
,rs12129818
,rs6668927
,rs11120900
,rs7543711
,rs2412122
,rs2001143
,rs12563394
,rs12134803
,rs12739426
,rs2301460
,rs2301461
,rs2301462
,rs10864294
,rs6691196
,rs7547338
,rs1029322
,rs11120903
,rs705681
,rs705680
,rs845246
,rs845245
,rs845244
,rs4908456
,rs845243
,rs845242
,rs845241
,rs845240
,rs845239
,rs4908623
,rs705678
,rs705677
,rs705676
,rs763173
,rs845238
,rs845237
,rs4908624
,rs4908625
,rs845235
,rs845198
,rs1894655
,rs845197
,rs845196
,rs845195
,rs705675
,rs705674
,rs705673
,rs845194
,rs705672
,rs845193
,rs10864297
,rs845260
,rs845261
,rs4908626
,rs845262
,rs6677597
,rs845263
,rs845264
,rs845265
,rs845268
,rs845269
,rs845270
,rs845271
,rs845222
,rs3752543
,rs845221
,rs11579620
,rs845218
,rs845217
,rs845215
,rs705695
,rs845214
,rs845213
,rs845208
,rs4908629
,rs4908630
,rs6677949
,rs12134390
,rs845233
,rs2040433
,rs845232
,rs845229
,rs845228
,rs7524314
,rs6577440
,rs845226
,rs845225
,rs12088241
,rs10864299
,rs2097518
,rs17030788
,rs845202
,rs17030794
,rs845204
,rs845205
,rs7537181
,rs845206
,rs6695220
,rs10127772
,rs11120909
,rs763161
,rs763162
,rs763163
,rs10864301
,rs4908635
,rs763164
,rs12060618
,rs2745660
,rs763165
,rs763166
,rs7535846
,rs12088843
,rs10779684
,rs11120917
,rs845259
,rs845256
,rs845255
,rs6677657
,rs6677745
,rs705692
,rs6677945
,rs845254
,rs845253
,rs11120919
,rs11120920
,rs4908637
,rs845252
,rs845251
,rs11120921
,rs11120922
,rs12088178
,rs10864302
,rs11120923
,rs9661064
,rs845249
,rs17030829
,rs1193219
,rs1193220
,rs947678
,rs947679
,rs1193221
,rs9988557
,rs12025939
,rs1209220
,rs1193223
,rs1193224
,rs1307984
,rs1307985
,rs11591156
,rs1193226
,rs17030847
,rs2185789
,rs12025567
,rs1193227
,rs12565108
,rs871009
,rs1775047
,rs1775048
,rs11120928
,rs12119558
,rs17030882
,rs17030886
,rs2796477
,rs6686279
,rs11120931
,rs6577445
,rs1193247
,rs1880808
,rs1193244
,rs1857161
,rs17030898
,rs1725236
,rs17030902
,rs1750838
,rs7512869
,rs1725235
,rs1725234
,rs1750837
,rs1725233
,rs1750836
,rs11805932
,rs1616122
,rs1013722
,rs7553147
,rs1725230
,rs11807711
,rs17445205
,rs1775049
,rs6689498
,rs2693953
,rs6702132
,rs1193243
,rs11804218
,rs1193242
,rs1193241
,rs1193240
,rs1193239
,rs1193238
,rs1193237
,rs1193236
,rs1193235
,rs1193234
,rs6663735
,rs1201529
,rs1149330
,rs1149331
,rs1149332
,rs732400
,rs732401
,rs1149335
,rs4908640
,rs6664987
,rs1149336
,rs17030947
,rs1011124
,rs6666190
,rs17030953
,rs12078321
,rs11807010
,rs11805543
,rs7527108
,rs1011127
,rs1011126
,rs1149338
,rs11806825
,rs11120942
,rs12085076
,rs12039004
,rs1193182
,rs1193183
,rs12049612
,rs1193185
,rs7537354
,rs12562016
,rs1193188
,rs2693957
,rs6678279
,rs2796482
,rs2693958
,rs2796483
,rs1619495
,rs11120943
,rs10746472
,rs12022164
,rs1193165
,rs7552815
,rs1204754
,rs1193163
,rs947677
,rs947675
,rs1725272
,rs17030993
,rs12091424
,rs1193233
,rs1193231
,rs7526892
,rs1193230
,rs1750849
,rs1309332
,rs12562147
,rs2796484
,rs1725271
,rs1725268
,rs1725266
,rs12029044
,rs10864304
,rs1725265
,rs1750851
,rs4908463
,rs1750850
,rs12562695
,rs1725260
,rs1725261
,rs1725262
,rs2462925
,rs2462926
,rs2478272
,rs2478271
,rs2478269
,rs11120953
,rs11120954
,rs17505750
,rs12033734
,rs11120955
,rs10864305
,rs1725243
,rs1725242
,rs1725241
,rs12565334
,rs12123558
,rs12063665
,rs1193180
,rs4908464
,rs1193179
,rs1193178
,rs1193177
,rs1193176
,rs1193174
,rs11120958
,rs1212725
,rs6577446
,rs749958
,rs6697220
,rs6659772
,rs12096065
,rs1212724
,rs7529399
,rs1193172
,rs1193171
,rs1969473
,rs11120959
,rs2177901
,rs6693468
,rs6682687
,rs1750817
,rs1750818
,rs1618346
,rs2478267
,rs1193167
,rs12723779
,rs2478266
,rs1926445
,rs17031070
,rs1209217
,rs12089447
,rs6577449
,rs10218514
,rs1193169
,rs12407666
,rs1750824
,rs4908650
,rs1193158
,rs11120969
,rs4908654
,rs11120970
,rs12562733
,rs12742992
,rs957856
,rs765513
,rs4908655
,rs11120972
,rs11120973
,rs4908656
,rs12755955
,rs17031113
,rs6697897
,rs12025779
,rs10465702
,rs6696544
,rs17031130
,rs4391687
,rs17031140
,rs6667052
,rs4317829
,rs10492961
,rs873433
,rs7527087
,rs9988575
,rs1317725
,rs7519687
,rs6577451
,rs6699651
,rs7520401
,rs11590447
,rs11120986
,rs10864308
,rs11587244
,rs4317830
,rs2056675
,rs6691275
,rs2056674
,rs17031163
,rs11587056
,rs11577471
,rs6658290
,rs11120989
,rs6684215
,rs7544896
,rs7555169
,rs7555394
,rs12139380
,rs12139470
,rs12138735
,rs12139551
,rs17031185
,rs4328095
,rs12138540
,rs4311910
,rs12117767
,rs12138009
,rs11808296
,rs11808308
,rs17031205
,rs17031211
,rs12089124
,rs10495758
,rs6691615
,rs12144301
,rs12058235
,rs4908660
,rs12403557
,rs17027053
,rs12126201
,rs9434498
,rs4908663
,rs9434879
,rs10864309
,rs4908664
,rs4908665
,rs9434881
,rs17031253
,rs9434882
,rs17376559
,rs12124522
,rs4564161
,rs11585947
,rs2995027
,rs2995028
,rs17031274
,rs12071290
,rs11120997
,rs6698334
,rs6662747
,rs870285
,rs870284
,rs870283
,rs3737907
,rs4908672
,rs4908673
,rs4908471
,rs1891215
,rs1891216
,rs12736485
,rs4908473
,rs6658296
,rs6661392
,rs6673977
,rs17507442
,rs4908676
,rs4908474
,rs3011926
,rs4908677
,rs4908678
,rs947412
,rs3124794
,rs3124796
,rs3124801
,rs3011928
,rs2995032
,rs3124802
,rs12144591
,rs4908680
,rs12756299
,rs17461217
,rs3011930
,rs12724413
,rs3011931
,rs1935228
,rs1935229
,rs1935230
,rs17461352
,rs3011932
,rs947418
,rs12120907
,rs3124806
,rs2995034
,rs3011936
,rs2995026
,rs12119947
,rs4908686
,rs6693805
,rs12028339
,rs10864311
,rs2301488
,rs4908688
,rs2071985
,rs1417986
,rs4908690
,rs4908691
,rs2032562
,rs2032563
,rs2071986
,rs2066293
,rs9919220
,rs9919223
,rs2051645
,rs4908481
,rs6577456
,rs11587880
,rs11587479
,rs707455
,rs697672
,rs1044245
,rs707458
,rs2071987
,rs697673
,rs697674
,rs697675
,rs697679
,rs3753503
,rs228729
,rs11121023
,rs707463
,rs697686
,rs875994
,rs696306
,rs228682
,rs1012477
,rs707465
,rs707467
,rs228641
,rs228642
,rs228644
,rs228669
,rs1891217
,rs10864316
,rs929123
,rs2172563
,rs7550657
,rs11121029
,rs4908482
,rs11121030
,rs10746473
,rs12141033
,rs2797685
,rs228688
,rs228689
,rs228690
,rs10462018
,rs228691
,rs10462020
,rs228692
,rs17374292
,rs17031610
,rs10127838
,rs228694
,rs697690
,rs697693
,rs228697
,rs228698
,rs17374439
,rs12061787
,rs228700
,rs2640908
,rs2640909
,rs12736878
,rs1689904
,rs228665
,rs228664
,rs12130462
,rs12035969
,rs12025388
,rs228657
,rs10462021
,rs228654
,rs12741937
,rs707472
,rs228652
,rs2890565
,rs228651
,rs228648
,rs707476
,rs2859389
,rs531485
,rs12566535
,rs504560
,rs500508
,rs579992
,rs2066978
,rs228725
,rs228724
,rs228721
,rs228716
,rs228714
,rs228703
,rs11580517
,rs1040396
,rs1040397
,rs227147
,rs170551
,rs227163
,rs12068202
,rs10489448
,rs664673
,rs664689
,rs665244
,rs679563
,rs585672
,rs161803
,rs161826
,rs161827
,rs161818
,rs161822
,rs2453021
,rs863171
,rs9657980
,rs226478
,rs9657966
,rs226476
,rs161811
,rs519546
,rs2493215
,rs226473
,rs226474
,rs161799
,rs3766606
,rs4908488
,rs226251
,rs7517357
,rs178932
,rs6703670
,rs161807
,rs226256
,rs226258
,rs161801
,rs161802
,rs225119
,rs12727642
,rs17367289
,rs426561
,rs12087103
,rs4908723
,rs225100
,rs9756
,rs397349
,rs6704330
,rs400736
,rs10489450
,rs442862
,rs28624
,rs408320
,rs225129
,rs225132
,rs7522911
,rs225133
,rs6577459
,rs1883679
,rs225095
,rs225096
,rs9434981
,rs2050198
,rs12753070
,rs4908724
,rs225106
,rs225110
,rs11590889
,rs12748993
,rs6682378
,rs12730860
,rs7539255
,rs12736494
,rs4500345
,rs12758337
,rs11121086
,rs10864326
,rs10864327
,rs6689067
,rs6697457
,rs13374405
,rs13374333
,rs7545677
,rs7553544
,rs6703955
,rs10864330
,rs11121090
,rs4325151
,rs4369247
,rs12128234
,rs6665452
,rs7524424
,rs4418631
,rs11585111
,rs11581227
,rs12134193
,rs12124756
,rs7537362
,rs7540528
,rs9434991
,rs9651154
,rs7523335
,rs4908731
,rs6577466
,rs6577467
,rs6698516
,rs9434608
,rs7518209
,rs7520669
,rs4908736
,rs4908737
,rs9435005
,rs9435006
,rs7527904
,rs12736361
,rs12136685
,rs12133365
,rs12144409
,rs11121104
,rs7545284
,rs12566369
,rs12565167
,rs1542387
,rs6677033
,rs1542386
,rs6577470
,rs7531634
,rs9435013
,rs7529511
,rs10746477
,rs7542367
,rs9434617
,rs9434618
,rs6701300
,rs6577472
,rs11121111
,rs12564077
,rs10864333
,rs1455702
,rs1455701
,rs2124323
,rs2100516
,rs12742518
,rs9661870
,rs11121116
,rs12048097
,rs11121117
,rs11121118
,rs11121119
,rs11121120
,rs17509146
,rs7524007
,rs7522186
,rs6660901
,rs10864334
,rs12075108
,rs4908741
,rs17032281
,rs4360546
,rs7554396
,rs7523553
,rs7554498
,rs7554596
,rs7554600
,rs7554665
,rs7521313
,rs12404792
,rs12031489
,rs12049106
,rs10779696
,rs10779698
,rs11803446
,rs2078288
,rs6663882
,rs12082271
,rs11121127
,rs11121128
,rs11585994
,rs12140347
,rs6700905
,rs11588420
,rs11587140
,rs11588819
,rs12138839
,rs67746
,rs12745477
,rs7548511
,rs11121129
,rs383814
,rs6661746
,rs6701941
,rs17032305
,rs422248
,rs11121131
,rs17032307
,rs425371
,rs17509537
,rs6683408
,rs6683603
,rs12041676
,rs405689
,rs376608
,rs395859
,rs395847
,rs390468
,rs365938
,rs386146
,rs411129
,rs385814
,rs411654
,rs385137
,rs421490
,rs478128
,rs428180
,rs428046
,rs11121134
,rs10864340
,rs506403
,rs2791318
,rs11589993
,rs424168
,rs403623
,rs12049468
,rs388933
,rs406236
,rs367915
,rs382192
,rs299499
,rs11121142
,rs7528376
,rs17032325
,rs12403907
,rs6577475
,rs299507
,rs7513908
,rs4908744
,rs12403649
,rs6697815
,rs2401090
,rs2046845
,rs7520292
,rs401691
,rs389709
,rs4908497
,rs2661865
,rs10779700
,rs2661869
,rs433590
,rs10864343
,rs438895
,rs12732606
,rs12754751
,rs12028671
,rs159628
,rs159630
,rs159631
,rs159632
,rs823717
,rs299689
,rs3850464
,rs299699
,rs299700
,rs11121152
,rs11121153
,rs4908748
,rs4908749
,rs12727604
,rs10864345
,rs12031739
,rs10864346
,rs6577482
,rs11121157
,rs1107284
,rs966134
,rs1466654
,rs12132135
,rs7517675
,rs2292242
,rs9628987
,rs11584036
,rs2289731
,rs12711517
,rs10864350
,rs4908753
,rs2305016
,rs7535752
,rs7520373
,rs7537649
,rs12039434
,rs7548093
,rs6690548
,rs10399665
,rs10864351
,rs8627
,rs1058791
,rs1058790
,rs11121171
,rs2252865
,rs10779702
,rs2289732
,rs3753275
,rs6684863
,rs11580417
,rs12079653
,rs11121174
,rs3795310
,rs894875
,rs902355
,rs754346
,rs17380817
,rs17380831
,rs6678140
,rs2708633
,rs6661560
,rs3765971
,rs2587513
,rs2120461
,rs2661863
,rs2708629
,rs11121179
,rs1443929
,rs2784738
,rs301793
,rs301791
,rs301790
,rs301789
,rs2661868
,rs301788
,rs1763839
,rs12754538
,rs11121181
,rs301805
,rs301806
,rs12045438
,rs302714
,rs301797
,rs301798
,rs301799
,rs302719
,rs301800
,rs12047377
,rs172531
,rs301801
,rs301802
,rs2784739
,rs301803
,rs2784740
,rs301819
,rs301818
,rs301816
,rs11581328
,rs17032601
,rs301814
,rs301811
,rs301810
,rs301809
,rs11121182
,rs301785
,rs12080583
,rs11589090
,rs4908760
,rs751790
,rs1922983
,rs6577488
,rs6577489
,rs12040962
,rs1024197
,rs7551849
,rs12568293
,rs910582
,rs12046643
,rs10864354
,rs4908761
,rs6701803
,rs4908501
,rs7530745
,rs11584261
,rs4908762
,rs6669503
,rs10864355
,rs10864356
,rs11121194
,rs13374834
,rs7542312
,rs6668508
,rs6577491
,rs6678982
,rs7545384
,rs6656249
,rs6577496
,rs2144463
,rs11121197
,rs2297867
,rs11121198
,rs12131864
,rs1463051
,rs1463049
,rs10492966
,rs10492965
,rs12401496
,rs12136689
,rs12145445
,rs6577497
,rs6702060
,rs926951
,rs6697997
,rs4581300
,rs17032665
,rs6577499
,rs2016084
,rs6577500
,rs6577502
,rs12122737
,rs1473420
,rs1463055
,rs7530863
,rs12410336
,rs12405049
,rs10492964
,rs17032677
,rs1150395
,rs11121201
,rs12122851
,rs12029303
,rs11121202
,rs1535158
,rs1061039
,rs6663123
,rs17386406
,rs7537982
,rs1934138
,rs17386448
,rs6670508
,rs6698079
,rs11121203
,rs12037534
,rs7526171
,rs6675443
,rs6675857
,rs11121204
,rs4908768
,rs1463054
,rs7523186
,rs12134896
,rs6681362
,rs1318218
,rs4480384
,rs6688329
,rs6679948
,rs12136766
,rs1038008
,rs6701331
,rs7544052
,rs1817367
,rs1953827
,rs7513420
,rs11121207
,rs6577506
,rs1812457
,rs1381928
,rs10779704
,rs12735554
,rs6703577
,rs7520025
,rs10864359
,rs10779705
,rs1463052
,rs4908769
,rs6577513
,rs2401138
,rs1463053
,rs6690050
,rs11121210
,rs12029088
,rs6577514
,rs11121211
,rs4908771
,rs10864360
,rs11121212
,rs10864361
,rs11121213
,rs4908505
,rs4908506
,rs6695867
,rs11121215
,rs4908507
,rs10746481
,rs7556169
,rs12122666
,rs7547833
,rs11587482
,rs11577530
,rs6702457
,rs7533442
,rs6658881
,rs12025126
,rs7554486
,rs10864363
,rs11121221
,rs10864364
,rs4908773
,rs12125525
,rs7553298
,rs953043
,rs12128827
,rs7518204
,rs12567592
,rs4908775
,rs4908776
,rs4908777
,rs17383360
,rs4908778
,rs3938719
,rs4908510
,rs12024032
,rs12567502
,rs10492963
,rs4908511
,rs7533113
,rs11121225
,rs12403640
,rs6693466
,rs1353130
,rs1284485
,rs11121229
,rs4908513
,rs10864366
,rs11121230
,rs6577522
,rs12123076
,rs7513880
,rs6697719
,rs4908514
,rs11586056
,rs10864367
,rs6698830
,rs7524437
,rs6577524
,rs6577525
,rs6664000
,rs6690928
,rs1472228
,rs12137865
,rs7517436
,rs7520572
,rs7546225
,rs11121237
,rs12410886
,rs12410893
,rs4908516
,rs2185205
,rs6678590
,rs4908781
,rs6695310
,rs4908518
,rs6577531
,rs11582339
,rs12565639
,rs12124851
,rs11121242
,rs6577536
,rs12135416
,rs6673587
,rs6677249
,rs11121245
,rs2038903
,rs914994
,rs11590606
,rs10864368
,rs11121247
,rs2071414
,rs1543711
,rs2781068
,rs2765507
,rs2781067
,rs2781066
,rs2781064
,rs2781060
,rs2765511
,rs2274971
,rs1006950
,rs4908519
,rs6660137
,rs3820037
,rs2038904
,rs11811795
,rs1325920
,rs2131678
,rs12032347
,rs4353118
,rs7539600
,rs11121252
,rs12751621
,rs12034719
,rs12032404
,rs6666946
,rs12124592
,rs1812348
,rs7534552
,rs6682376
,rs6694243
,rs4908793
,rs6665631
,rs4908795
,rs12144840
,rs6690365
,rs6667091
,rs4908796
,rs11806366
,rs11805230
,rs11805233
,rs10864370
,rs6577539
,rs2781078
,rs914999
,rs2781079
,rs4609454
,rs9434652
,rs11121271
,rs7417097
,rs4418632
,rs914997
,rs6688840
,rs2781087
,rs12091891
,rs1475734
,rs6692694
,rs17032875
,rs12067941
,rs12568902
,rs6699492
,rs6684149
,rs17032882
,rs1409147
,rs942969
,rs6577541
,rs12070475
,rs2274327
,rs2274328
,rs2274329
,rs12738365
,rs17032907
,rs11576766
,rs7540307
,rs3765968
,rs3765967
,rs3765966
,rs11121278
,rs12021597
,rs17032912
,rs17389460
,rs17032921
,rs12128796
,rs2274332
,rs2274333
,rs7545200
,rs12061974
,rs12078431
,rs11805912
,rs11121281
,rs6691526
,rs12735688
,rs3765965
,rs6577545
,rs12748400
,rs12126080
,rs4466678
,rs2274334
,rs10864376
,rs3737665
,rs12138897
,rs3765964
,rs12564569
,rs12127547
,rs6697763
,rs6577546
,rs6680186
,rs7533137
,rs17032942
,rs7513804
,rs4908802
,rs1075363
,rs875148
,rs9803645
,rs11121289
,rs10746482
,rs7532691
,rs2895997
,rs4908803
,rs17392147
,rs17033008
,rs7516862
,rs12047015
,rs7548457
,rs12727906
,rs17389948
,rs11810507
,rs12402611
,rs4908804
,rs7544111
,rs7556128
,rs17033013
,rs17392216
,rs10864377
,rs12164533
,rs6672506
,rs17027181
,rs7530465
,rs12116944
,rs12076084
,rs7537425
,rs11121296
,rs12063980
,rs1556757
,rs12410702
,rs1004557
,rs11121298
,rs7529394
,rs12031065
,rs9803660
,rs769902
,rs2027222
,rs12072306
,rs6667506
,rs6685329
,rs10864381
,rs10864382
,rs5840
,rs1060998
,rs4908526
,rs3737661
,rs7368193
,rs1961351
,rs7521322
,rs4908809
,rs12080175
,rs2505972
,rs17842190
,rs12145292
,rs3004249
,rs765617
,rs17033196
,rs17033199
,rs1705295
,rs1612895
,rs17033202
,rs3765962
,rs5438
,rs3820034
,rs770041
,rs17033225
,rs12736085
,rs12117043
,rs1751681
,rs11121317
,rs1327257
,rs17392750
,rs6673259
,rs12726360
,rs12127491
,rs12733425
,rs12748352
,rs770036
,rs1125648
,rs12057692
,rs11121319
,rs12402657
,rs12750121
,rs12751466
,rs12755780
,rs12760830
,rs12711519
,rs12080794
,rs11121320
,rs12738912
,rs12405816
,rs12061999
,rs12239636
,rs12239637
,rs12239200
,rs12071551
,rs12742380
,rs729829
,rs7555576
,rs7555782
,rs1061907
,rs6694515
,rs6661122
,rs6697376
,rs3737669
,rs12753196
,rs6693258
,rs770029
,rs770028
,rs6577548
,rs12746045
,rs6577549
,rs1705299
,rs6577551
,rs10864390
,rs4908812
,rs12726928
,rs1001567
,rs11487886
,rs11121330
,rs6685817
,rs4406655
,rs7518834
,rs12121864
,rs4243826
,rs4281343
,rs17393144
,rs12128240
,rs2666433
,rs17390969
,rs12073303
,rs7529468
,rs12119878
,rs6577556
,rs797252
,rs11121332
,rs2516091
,rs17376524
,rs3021343
,rs11802925
,rs12728047
,rs4908527
,rs809972
,rs797259
,rs6577559
,rs797263
,rs797265
,rs4908817
,rs744900
,rs2157480
,rs10864392
,rs1008446
,rs4908823
,rs743973
,rs737261
,rs12042421
,rs1547432
,rs4908826
,rs9435127
,rs9434717
,rs2032540
,rs2032539
,rs6660591
,rs9435136
,rs9434719
,rs6577561
,rs1009941
,rs1009940
,rs10779714
,rs17033526
,rs7534423
,rs1294012
,rs10489436
,rs3753271
,rs9434723
,rs4908830
,rs2268175
,rs2268172
,rs2239561
,rs2239560
,rs7524046
,rs11121350
,rs732950
,rs2268170
,rs6662509
,rs3753165
,rs3753164
,rs3753163
,rs2268169
,rs6688832
,rs17368528
,rs9435159
,rs1294014
,rs1294015
,rs11121354
,rs2071931
,rs9435168
,rs7517538
,rs9434752
,rs12093524
,rs6688233
,rs9434755
,rs2871656
,rs11590326
,rs4071607
,rs916380
,rs12128909
,rs11803236
,rs4465231
,rs9726385
,rs9434757
,rs2075973
,rs9662290
,rs1294028
,rs581587
,rs9442562
,rs17377443
,rs1294054
,rs630075
,rs629524
,rs525476
,rs926249
,rs603590
,rs1294046
,rs17377597
,rs17377604
,rs1294055
,rs564709
,rs664623
,rs9660159
,rs4908842
,rs4908843
,rs1569422
,rs9651158
,rs732591
,rs11121371
,rs1294022
,rs926247
,rs1294020
,rs11121374
,rs11121375
,rs478103
,rs644728
,rs2075972
,rs11121382
,rs1299374
,rs4908851
,rs11121384
,rs733893
,rs2310919
,rs9435243
,rs12760778
,rs4908852
,rs9435244
,rs9435245
,rs11121387
,rs4908853
,rs10746488
,rs552230
,rs10864411
,rs2275458
,rs2275457
,rs9442601
,rs9442600
,rs10492967
,rs9660866
,rs9308447
,rs17393334
,rs11802522
,rs4596926
,rs2153305
,rs4908857
,rs12758001
,rs17393468
,rs9729149
,rs1106370
,rs12044737
,rs11121394
,rs12134602
,rs2095905
,rs2095904
,rs10864413
,rs9943073
,rs9659656
,rs11121397
,rs10779722
,rs12137140
,rs6688312
,rs11121406
,rs12044809
,rs12022654
,rs12145857
,rs9442584
,rs12405873
,rs10864418
,rs12074517
,rs9730520
,rs9726065
,rs9727492
,rs9726404
,rs9659311
,rs9659326
,rs9660666
,rs9660668
,rs9660890
,rs9787285
,rs9662275
,rs9662546
,rs9308451
,rs4926481
,rs10779724
,rs9661476
,rs9661728
,rs10735516
,rs12034064
,rs10779725
,rs10779726
,rs10864422
,rs10864423
,rs10864424
,rs12565445
,rs11121423
,rs11121424
,rs4926488
,rs9699733
,rs4926491
,rs4078208
,rs6670442
,rs7544834
,rs10746490
,rs12042017
,rs6695925
,rs10864425
,rs6541065
,rs6679380
,rs7418365
,rs12561781
,rs7367253
,rs6541072
,rs10157778
,rs12735814
,rs11121430
,rs7417127
,rs7413464
,rs11121432
,rs7415831
,rs7550613
,rs12755956
,rs7542011
,rs7525571
,rs7412149
,rs7525099
,rs12040542
,rs12022881
,rs12140494
,rs7411273
,rs10864429
,rs6660810
,rs4423053
,rs9430274
,rs6698575
,rs6540953
,rs12123479
,rs9430153
,rs9430155
,rs9430332
,rs9430174
,rs6669846
,rs6540962
,rs4073710
,rs4074744
,rs9430184
,rs7364899
,rs4244632
,rs4926472
,rs4073293
,rs4378250
,rs6540967
,rs10779727
,rs4926483
,rs4076986
,rs4926485
,rs9430506
,rs4846053
,rs11121465
,rs12067477
,rs11121466
,rs12403944
,rs12028233
,rs4129341
,rs6540985
,rs4240895
,rs4240896
,rs6540991
,rs6666059
,rs4300218
,rs6671868
,rs12730387
,rs11811034
,rs11802023
,rs11121472
,rs12568084
,rs12567553
,rs9430635
,rs9430636
,rs4846192
,rs6677649
,rs6669509
,rs4240910
,rs11801864
,rs12566637
,rs12075554
,rs6541017
,rs9430220
,rs11589267
,rs10864435
,rs11121484
,rs12037599
,rs1135427
,rs10779729
,rs12568720
,rs11121486
,rs12569008
,rs10864436
,rs7550295
,rs10779731
,rs11121489
,rs10746492
,rs10864438
,rs17034335
,rs17034340
,rs4585981
,rs11121492
,rs11121493
,rs946279
,rs1660742
,rs1660741
,rs12078414
,rs6699320
,rs6677664
,rs1660738
,rs12068489
,rs12032209
,rs5017476
,rs1933734
,rs11121497
,rs10864439
,rs1220392
,rs1220396
,rs1220395
,rs7225
,rs1220394
,rs2379107
,rs1220404
,rs1220405
,rs935073
,rs946275
,rs1220412
,rs1220413
,rs1470160
,rs12128766
,rs1220418
,rs935075
,rs1220383
,rs1372106
,rs4846104
,rs11121501
,rs12097182
,rs11828
,rs17034440
,rs1220397
,rs1220398
,rs12065908
,rs7535945
,rs1234694
,rs2297843
,rs12058979
,rs12064822
,rs1220421
,rs12062953
,rs1660733
,rs7516611
,rs6673580
,rs12071307
,rs2890358
,rs6683452
,rs12082318
,rs6661806
,rs12136213
,rs12140058
,rs6664631
,rs11578833
,rs3003376
,rs3123522
,rs7414481
,rs7528979
,rs11803995
,rs12406448
,rs7539725
,rs11121515
,rs11589489
,rs17034493
,rs12068865
,rs11801988
,rs9430244
,rs6678222
,rs12076922
,rs4543799
,rs3762290
,rs2295294
,rs17034501
,rs6673887
,rs6671289
,rs6685910
,rs12070814
,rs12144133
,rs12076005
,rs6696978
,rs12122985
,rs2273299
,rs6659436
,rs6667049
,rs17034560
,rs17034563
,rs12092513
,rs9782938
,rs17034569
,rs11121524
,rs9783053
,rs12074936
,rs2180184
,rs6541080
,rs7418410
,rs12733312
,rs7546642
,rs6682295
,rs1046277
,rs4846195
,rs6661326
,rs1556915
,rs11806619
,rs2180185
,rs11121526
,rs11801734
,rs12122107
,rs11811751
,rs6670208
,rs6691645
,rs11802484
,rs3903151
,rs4348727
,rs6695456
,rs997482
,rs2027330
,rs4846197
,rs4846198
,rs4846199
,rs6541085
,rs17396340
,rs10492969
,rs12133617
,rs17396382
,rs12751375
,rs12136376
,rs12069853
,rs1538557
,rs12407506
,rs11582123
,rs12755094
,rs6696056
,rs6700866
,rs4529713
,rs4240911
,rs946504
,rs946503
,rs4846204
,rs11586485
,rs946501
,rs17034615
,rs4846207
,rs4846208
,rs17400878
,rs12402052
,rs4845930
,rs4846209
,rs4846210
,rs12757288
,rs12737239
,rs12139158
,rs12064209
,rs9332414
,rs12141246
,rs12141416
,rs1339458
,rs17034643
,rs10864450
,rs10492970
,rs12131785
,rs17034655
,rs3748575
,rs3748576
,rs10492971
,rs12120042
,rs17397129
,rs12120191
,rs746881
,rs912963
,rs12734499
,rs912962
,rs7516878
,rs7553228
,rs12127604
,rs10492972
,rs7520935
,rs3753037
,rs2275424
,rs3748577
,rs8019
,rs17401588
,rs12737841
,rs4846212
,rs17410217
,rs17034716
,rs7553935
,rs6693965
,rs6703602
,rs1536263
,rs17401924
,rs17401966
,rs12135774
,rs4333852
,rs4475756
,rs12734551
,rs12119075
,rs2297881
,rs17402390
,rs10492973
,rs17034775
,rs1555849
,rs1556917
,rs6541089
,rs1556916
,rs11121543
,rs10864453
,rs4846215
,rs1467653
,rs6703708
,rs11576866
,rs17034821
,rs7546364
,rs7546368
,rs3748578
,rs12125492
,rs12403443
,rs11121548
,rs12130563
,rs12131441
,rs12724395
,rs12141192
,rs17411502
,rs11121551
,rs11121552
,rs1002076
,rs3748581
,rs11121555
,rs11121556
,rs6694081
,rs11585794
,rs4846216
,rs11121557
,rs17034849
,rs11587495
,rs4846217
,rs6679596
,
,
,
,
,
,
,
,
,
,
,
,
,
,
,
,
,
,
,
,
,
,
,
,
,
,
,
,
,
,
,
,
,
,
,
,
,
,
,
,
,
,
,
,
,
,
,
,
,
,
,
,
,
,
,
,
,
,
,
,
,
,
,
,
,
,
,
,
,
,
,
,
,
,
,
,
,
,
,
,
,
,
,
,
,
,
,
,
,
,
,
,
,
,
,
,
,
,
,
,
,
,
,
,
,
,
,
,
,
,
,
,
,
,
,
,
,
,
,
,
,
,
,
,
,
,
,
,
,
,
,
,
,
,
,
,
,
,
,
,
,
,
,
,
,
,
,
,
,
,
,
,
,
,
,
,
,
,
,
,
,
,
,
,
,
,
,
,
,
,
,
,
,
,
,
,
,
,
,
,
,
,
,
,
,
,
,
,
,
,
,
,
,
,
,
,
,
,
,
,
,
,
,
,
,
,
,
,
,
,
,
,
,
,
,
,
,
,
,
,
,
,
,
,
,
,
,
,
,
,
,
,
,
,
,
,
,
,
,
,
,
,
,
,
,
,
,
,
,
,
,
,
,
,
,
,
,
,
,
,
,
,
,
,
,
,
,
,
,
,
,
,
,
,
,
,
,
,
,
,
,
,
,
,
,
,
,
,
,
,
,
,
,
,
,
,
,
,
,
,
,
,
,
,
,
,
,
,
,
,
,
,
,
,
,
,
,
,
,
,
,
,
,
,
,
,
,
,
,
,
,
,
,
,
,
,
,
,
,
,
,
,
,
,
,
,
,
,
,
,
,
,
,
,
,
,
,
,
,
,
,
,
,
,
,
,
,
,
,
,
,
,
,
,
,
,
,
,
,
,
,
,
,
,
,
,
,
,
,
,
,
,
,
,
,
,
,
,
,
,
,
,
,
,
,
,
,
,
,
,
,
,
,
,
,
,
,
,
,
,
,
,
,
,
,
,
,
,
,
,
,
,
,
,
,
,
,
,
,
,
,
,
,
,
,
,
,
,
,
,
,
,
,
,
,
,
,
,
,
,
,
,
,
,
,
,
,
,
,
,
,
,
,
,
,
,
,
,
,
,
,
,
,
,
,
,
,
,
,
,
,
,
,
,
,
,
,
,
,
,
,
,
,
,
,
,
,
,
,
,
,
,
,
,
,
,
,
,
,
,
,
,
,
,
,
,
,
,
,
,
,
,
,
,
,
,
,
,
,
,
,
,
,
,
,
,
,
,
,
,
,
,
,
,
,
,
,
,
,
,
,
,
,
,
,
,
,
,
,
,
,
,
,
,
,
,
,
,
,
,
,
,
,
,
,
,
,
,
,
,
,
,
,
,
,
,
,
,
,
,
,
,
,
,
,
,
,
,
,
,
,
,
,
,
,
,
,
,
,
,
,
,
,
,
,
,
,
,
,
,
,
,
,
,
,
,
,
,
,
,
,
,
,
,
,
,
,
,
,
,
,
,
,
,
,
,
,
,
,
,
,
,
,
,
,
,
,
,
,
,
,
,
,
,
,
,
,
,
,
,
,
,
,
,
,
,
,
,
,
,
,
,
,
,
,
,
,
,
,
,
,
,
,
,
,
,
,
,
,
,
,
,
,
,
,
,
,
,
,
,
,
,
,
,
,
,
,
,
,
,
,
,
,
,
,
,
,
,
,
,
,
,
,
,
,
,
,
,
,
,
,
,
,
,
,
,
,
,
,
,
,
,
,
,
,
,
,
,
,
,
,
,
,
,
,
,
,
,
,
,
,
,
,
,
,
,
,
,
,
,
,
,
,
,
,
,
,
,
,
,
,
,
,
,
,
,
,
,
,
,
,
,
,
,
,
,
,
,
,
,
,
,
,
,
,
,
,
,
,
,
,
,
,
,
,
,
,
,
,
,
,
,
,
,
,
,
,
,
,
,
,
,
,
,
,
,
,
,
,
,
,
,
,
,
,
,
,
,
,
,
,
,
,
,
,
,
,
,
,
,
,
,
,
,
,
,
,
,
,
,
,
,
,
,
,
,
,
,
,
,
,
,
,
,
,
,
,
,
,
,
,
,
,
,
,
,
,
,
,
,
,
,
,
,
,
,
,
,
,
,
,
,
,
,
,
,
,
,
,
,
,
,
,
,
,
,
,
,
,
,
,
,
,
,
,
,
,
,
,
,
,
,
,
,
,
,
,
,
,
,
,
,
,
,
,
,
,
,
,
,
,
,
,
,
,
,
,
,
,
,
,
,
,
,
,
,
,
,
,
,
,
,
,
,
,
,
,
,
,
,
,
,
,
,
,
,
,
,
,
,
,
,
,
,
,
,
,
,
,
,
,
,
,
,
,
,
,
,
,
,
,
,
,
,
,
,
,
,
,
,
,
,
,
,
,
,
,
,
,
,
,
,
,
,
,
,
,
,
,
,
,
,
,
,
,
,
,
,
,
,
,
,
,
,
,
,
,
,
,
,
,
,
,
,
,
,
,
,
,
,
,
,
,
,
,
,
,
,
,
,
,
,
,
,
,
,
,
,
,
,
,
,
,
,
,
,
,
,
,
,
,
,
,
,
,
,
,
,
,
,
,
,
,
,
,
,
,
,
,
,
,
,
,
,
,
,
,
,
,
,
,
,
,
,
,
,
,
,
,
,
,
,
,
,
,
,
,
,
,
,
,
,
,
,
,
,
,
,
,
,
,
,
,
,
,
,
,
,
,
,
,
,
,
,
,
,
,
,
,
,
,
,
,
,
,
,
,
,
,
,
,
,
,
,
,
,
,
,
,
,
,
,
,
,
,
,
,
,
,
,
,
,
,
,
,
,
,
,
,
,
,
,
,
,
,
,
,
,
,
,
,
,
,
,
,
,
,
,
,
,
,
,
,
,
,
,
,
,
,
,
,
,
,
,
,
,
,
,
,
,
,
,
,
,
,
,
,
,
,
,
,
,
,
,
,
,
,
,
,
,
,
,
,
,
,
,
,
,
,
,
,
,
,
,
,
,
,
,
,
,
,
,
,
,
,
,
,
,
,
,
,
,
,
,
,
,
,
,
,
,
,
,
,
,
,
,
,
,
,
,
,
,
,
,
,
,
,
,
,
,
,
,
,
,
,
,
,
,
,
,
,
,
,
,
,
,
,
,
,
,
,
,
,
,
,
,
,
,
,
,
,
,
,
,
,
,
,
,
,
,
,
,
,
,
,
,
,
,
,
,
,
,
,
,
,
,
,
,
,
,
,
,
,
,
,
,
,
,
,
,
,
,
,
,
,
,
,
,
,
,
,
,
,
,
,
,
,
,
,
,
,
,
,
,
,
,
,
,
,
,
,
,
,
,
,
,
,
,
,
,
,
,
,
,
,
,
,
,
,
,
,
,
,
,
,
,
,
,
,
,
,
,
,
,
,
,
,
,
,
,
,
,
,
,
,
,
,
,
,
,
,
,
,
,
,
,
,
,
,
,
,
,
,
,
,
,
,
,
,
,
,
,
,
,
,
,
,
,
,
,
,
,
,
,
,
,
,
,
,
,
,
,
,
,
,
,
,
,
,
,
,
,
,
,
,
,
,
,
,
,
,
,
,
,
,
,
,
,
,
,
,
,
,
,
,
,
,
,
,
,
,
,
,
,
,
,
,
,
,
,
,
,
,
,
,
,
,
,
,
,
,
,
,
,
,
,
,
,
,
,
,
,
,
,
,
,
,
,
,
,
,
,
,
,
,
,
,
,
,
,
,
,
,
,
,
,
,
,
,
,
,
,
,
,
,
,
,
,
,
,
,
,
,
,
,
,
,
,
,
,
,
,
,
,
,
,
,
,
,
,
,
,
,
,
,
,
,
,
,
,
,
,
,
,
,
,
,
,
,
,
,
,
,
,
,
,
,
,
,
,
,
,
,
,
,
,
,
,
,
,
,
,
,
,
,
,
,
,
,
,
,
,
,
,
,
,
,
,
,
,
,
,
,
,
,
,
,
,
,
,
,
,
,
,
,
,
,
,
,
,
,
,
,
,
,
,
,
,
,
,
,
,
,
,
,
,
,
,
,
,
,
,
,
,
,
,
,
,
,
,
,
,
,
,
,
,
,
,
,
,
,
,
,
,
,
,
,
,
,
,
,
,
,
,
,
,
,
,
,
,
,
,
,
,
,
,
,
,
,
,
,
,
,
,
,
,
,
,
,
,
,
,
,
,
,
,
,
,
,
,
,
,
,
,
,
,
,
,
,
,
,
,
,
,
,
,
,
,
,
,
,
,
,
,
,
,
,
,
,
,
,
,
,
,
,
,
,
,
,
,
,
,
,
,
,
,
,
,
,
,
,
,
,
,
,
,
,
,
,
,
,
,
,
,
,
,
,
,
,
,
,
,
,
,
,
,
,
,
,
,
,
,
,
,
,
,
,
,
,
,
,
,
,
,
,
,
,
,
,
,
,
,
,
,
,
,
,
,
,
,
,
,
,
,
,
,
,
,
,
,
,
,
,
,
,
,
,
,
,
,
,
,
,
,
,
,
,
,
,
,
,
,
,
,
,
,
,
,
,
,
,
,
,
,
,
,
,
,
,
,
,
,
,
,
,
,
,
,
,
,
,
,
,
,
,
,
,
,
,
,
,
,
,
,
,
,
,
,
,
,
,
,
,
,
,
,
,
,
,
,
,
,
,
,
,
,
,
,
,
,
,
,
,
,
,
,
,
,
,
,
,
,
,
,
,
,
,
,
,
,
,
,
,
,
,
,
,
,
,
,
,
,
,
,
,
,
,
,
,
,
,
,
,
,
,
,
,
,
,
,
,
,
,
,
,
,
,
,
,
,
,
,
,
,
,
,
,
,
,
,
,
,
,
,
,
,
,
,
,
,
,
,
,
,
,
,
,
,
,
,
,
,
,
,
,
,
,
,
,
,
,
,
,
,
,
,
,
,
,
,
,
,
,
,
,
,
,
,
,
,
,
,
,
,
,
,
,
,
,
,
,
,
,
,
,
,
,
,
,
,
,
,
,
,
,
,
,
,
,
,
,
,
,
,
,
,
,
,
,
,
,
,
,
,
,
,
,
,
,
,
,
,
,
,
,
,
,
,
,
,
,
,
,
,
,
,
,
,
,
,
,
,
,
,
,
,
,
,
,
,
,
,
,
,
,
,
,
,
,
,
,
,
,
,
,
,
,
,
,
,
,
,
,
,
,
,
,
,
,
,
,
,
,
,
,
,
,
,
,
,
,
,
,
,
,
,
,
,
,
,
,
,
,
,
,
,
,
,
,
,
,
,
,
,
,
,
,
,
,
,
,
,
,
,
,
,
,
,
,
,
,
,
,
,
,
,
,
,
,
,
,
,
,
,
,
,
,
,
,
,
,
,
,
,
,
,
,
,
,
,
,
,
,
,
,
,
,
,
,
,
,
,
,
,
,
,
,
,
,
,
,
,
,
,
,
,
,
,
,
,
,
,
,
,
,
,
,
,
,
,
,
,
,
,
,
,
,
,
,
,
,
,
,
,
,
,
,
,
,
,
,
,
,
,
,
,
,
,
,
,
,
,
,
,
,
,
,
,
,
,
,
,
,
,
,
,
,
,
,
,
,
,
,
,
,
,
,
,
,
,
,
,
,
,
,
,
,
,
,
,
,
,
,
,
,
,
,
,
,
,
,
,
,
,
,
,
,
,
,
,
,
,
,
,
,
,
,
,
,
,
,
,
,
,
,
,
,
,
,
,
,
,
,
,
,
,
,
,
,
,
,
,
,
,
,
,
,
,
,
,
,
,
,
,
,
,
,
,
,
,
,
,
,
,
,
,
,
,
,
,
,
,
,
,
,
,
,
,
,
,
,
,
,
,
,
,
,
,
,
,
,
,
,
,
,
,
,
,
,
,
,
,
,
,
,
,
,
,
,
,
,
,
,
,
,
,
,
,
,
,
,
,
,
,
,
,
,
,
,
,
,
,
,
,
,
,
,
,
,
,
,
,
,
,
,
,
,
,
,
,
,
,
,
,
,
,
,
,
,
,
,
,
,
,
,
,
,
,
,
,
,
,
,
,
,
,
,
,
,
,
,
,
,
,
,
,
,
,
,
,
,
,
,
,
,
,
,
,
,
,
,
,
,
,
,
,
,
,
,
,
,
,
,
,
,
,
,
,
,
,
,
,
,
,
,
,
,
,
,
,
,
,
,
,
,
,
,
,
,
,
,
,
,
,
,
,
,
,
,
,
,
,
,
,
,
,
,
,
,
,
,
,
,
,
,
,
,
,
,
,
,
,
,
,
,
,
,
,
,
,
,
,
,
,
,
,
,
,
,
,
,
,
,
,
,
,
,
,
,
,
,
,
,
,
,
,
,
,
,
,
,
,
,
,
,
,
,
,
,
,
,
,
,
,
,
,
,
,
,
,
,
,
,
,
,
,
,
,
,
,
,
,
,
,
,
,
,
,
,
,
,
,
,
,
,
,
,
,
,
,
,
,
,
,
,
,
,
,
,
,
,
,
,
,
,
,
,
,
,
,
,
,
,
,
,
,
,
,
,
,
,
,
,
,
,
,
,
,
,
,
,
,
,
,
,
,
,
,
,
,
,
,
,
,
,
,
,
,
,
,
,
,
,
,
,
,
,
,
,
,
,
,
,
,
,
,
,
,
,
,
,
,
,
,
,
,
,
,
,
,
,
,
,
,
,
,
,
,
,
,
,
,
,
,
,
,
,
,
,
,
,
,
,
,
,
,
,
,
,
,
,
,
,
,
,
,
,
,
,
,
,
,
,
,
,
,
,
,
,
,
,
,
,
,
,
,
,
,
,
,
,
,
,
,
,
,
,
,
,
,
,
,
,
,
,
,
,
,
,
,
,
,
,
,
,
,
,
,
,
,
,
,
,
,
,
,
,
,
,
,
,
,
,
,
,
,
,
,
,
,
,
,
,
,
,
,
,
,
,
,
,
,
,
,
,
,
,
,
,
,
,
,
,
,
,
,
,
,
,
,
,
,
,
,
,
,
,
,
,
,
,
,
,
,
,
,
,
,
,
,
,
,
,
,
,
,
,
,
,
,
,
,
,
,
,
,
,
,
,
,
,
,
,
,
,
,
,
,
,
,
,
,
,
,
,
,
,
,
,
,
,
,
,
,
,
,
,
,
,
,
,
,
,
,
,
,
,
,
,
,
,
,
,
,
,
,
,
,
,
,
,
,
,
,
,
,
,
,
,
,
,
,
,
,
,
,
,
,
,
,
,
,
,
,
,
,
,
,
,
,
,
,
,
,
,
,
,
,
,
,
,
,
,
,
,
,
,
,
,
,
,
,
,
,
,
,
,
,
,
,
,
,
,
,
,
,
,
,
,
,
,
,
,
,
,
,
,
,
,
,
,
,
,
,
,
,
,
,
,
,
,
,
,
,
,
,
,
,
,
,
,
,
,
,
,
,
,
,
,
,
,
,
,
,
,
,
,
,
,
,
,
,
,
,
,
,
,
,
,
,
,
,
,
,
,
,
,
,
,
,
,
,
,
,
,
,
,
,
,
,
,
,
,
,
,
,
,
,
,
,
,
,
,
,
,
,
,
,
,
,
,
,
,
,
,
,
,
,
,
,
,
,
,
,
,
,
,
,
,
,
,
,
,
,
,
,
,
,
,
,
,
,
,
,
,
,
,
,
,
,
,
,
,
,
,
,
,
,
,
,
,
,
,
,
,
,
,
,
,
,
,
,
,
,
,
,
,
,
,
,
,
,
,
,
,
,
,
,
,
,
,
,
,
,
,
,
,
,
,
,
,
,
,
,
,
,
,
,
,
,
,
,
,
,
,
,
,
,
,
,
,
,
,
,
,
,
,
,
,
,
,
,
,
,
,
,
,
,
,
,
,
,
,
,
,
,
,
,
,
,
,
,
,
,
,
,
,
,
,
,
,
,
,
,
,
,
,
,
,
,
,
,
,
,
,
,
,
,
,
,
,
,
,
,
,
,
,
,
,
,
,
,
,
,
,
,
,
,
,
,
,
,
,
,
,
,
,
,
,
,
,
,
,
,
,
,
,
,
,
,
,
,
,
,
,
,
,
,
,
,
,
,
,
,
,
,
,
,
,
,
,
,
,
,
,
,
,
,
,
,
,
,
,
,
,
,
,
,
,
,
,
,
,
,
,
,
,
,
,
,
,
,
,
,
,
,
,
,
,
,
,
,
,
,
,
,
,
,
,
,
,
,
,
,
,
,
,
,
,
,
,
,
,
,
,
,
,
,
,
,
,
,
,
,
,
,
,
,
,
,
,
,
,
,
,
,
,
,
,
,
,
,
,
,
,
,
,
,
,
,
,
,
,
,
,
,
,
,
,
,
,
,
,
,
,
,
,
,
,
,
,
,
,
,
,
,
,
,
,
,
,
,
,
,
,
,
,
,
,
,
,
,
,
,
,
,
,
,
,
,
,
,
,
,
,
,
,
,
,
,
,
,
,
,
,
,
,
,
,
,
,
,
,
,
,
,
,
,
,
,
,
,
,
,
,
,
,
,
,
,
,
,
,
,
,
,
,
,
,
,
,
,
,
,
,
,
,
,
,
,
,
,
,
,
,
,
,
,
,
,
,
,
,
,
,
,
,
,
,
,
,
,
,
,
,
,
,
,
,
,
,
,
,
,
,
,
,
,
,
,
,
,
,
,
,
,
,
,
,
,
,
,
,
,
,
,
,
,
,
,
,
,
,
,
,
,
,
,
,
,
,
,
,
,
,
,
,
,
,
,
,
,
,
,
,
,
,
,
,
,
,
,
,
,
,
,
,
,
,
,
,
,
,
,
,
,
,
,
,
,
,
,
,
,
,
,
,
,
,
,
,
,
,
,
,
,
,
,
,
,
,
,
,
,
,
,
,
,
,
,
,
,
,
,
,
,
,
,
,
,
,
,
,
,
,
,
,
,
,
,
,
,
,
,
,
,
,
,
,
,
,
,
,
,
,
,
,
,
,
,
,
,
,
,
,
,
,
,
,
,
,
,
,
,
,
,
,
,
,
,
,
,
,
,
,
,
,
,
,
,
,
,
,
,
,
,
,
,
,
,
,
,
,
,
,
,
,
,
,
,
,
,
,
,
,
,
,
,
,
,
,
,
,
,
,
,
,
,
,
,
,
,
,
,
,
,
,
,
,
,
,
,
,
,
,
,
,
,
,
,
,
,
,
,
,
,
,
,
,
,
,
,
,
,
,
,
,
,
,
,
,
,
,
,
,
,
,
,
,
,
,
,
,
,
,
,
,
,
,
,
,
,
,
,
,
,
,
,
,
,
,
,
,
,
,
,
,
,
,
,
,
,
,
,
,
,
,
,
,
,
,
,
,
,
,
,
,
,
,
,
,
,
,
,
,
,
,
,
,
,
,
,
,
,
,
,
,
,
,
,
,
,
,
,
,
,
,
,
,
,
,
,
,
,
,
,
,
,
,
,
,
,
,
,
,
,
,
,
,
,
,
,
,
,
,
,
,
,
,
,
,
,
,
,
,
,
,
,
,
,
,
,
,
,
,
,
,
,
,
,
,
,
,
,
,
,
,
,
,
,
,
,
,
,
,
,
,
,
,
,
,
,
,
,
,
,
,
,
,
,
,
,
,
,
,
,
,
,
,
,
,
,
,
,
,
,
,
,
,
,
,
,
,
,
,
,
,
,
,
,
,
,
,
,
,
,
,
,
,
,
,
,
,
,
,
,
,
,
,
,
,
,
,
,
,
,
,
,
,
,
,
,
,
,
,
,
,
,
,
,
,
,
,
,
,
,
,
,
,
,
,
,
,
,
,
,
,
,
,
,
,
,
,
,
,
,
,
,
,
,
,
,
,
,
,
,
,
,
,
,
,
,
,
,
,
,
,
,
,
,
,
,
,
,
,
,
,
,
,
,
,
,
,
,
,
,
,
,
,
,
,
,
,
,
,
,
,
,
,
,
,
,
,
,
,
,
,
,
,
,
,
,
,
,
,
,
,
,
,
,
,
,
,
,
,
,
,
,
,
,
,
,
,
,
,
,
,
,
,
,
,
,
,
,
,
,
,
,
,
,
,
,
,
,
,
,
,
,
,
,
,
,
,
,
,
,
,
,
,
,
,
,
,
,
,
,
,
,
,
,
,
,
,
,
,
,
,
,
,
,
,
,
,
,
,
,
,
,
,
,
,
,
,
,
,
,
,
,
,
,
,
,
,
,
,
,
,
,
,
,
,
,
,
,
,
,
,
,
,
,
,
,
,
,
,
,
,
,
,
,
,
,
,
,
,
,
,
,
,
,
,
,
,
,
,
,
,
,
,
,
,
,
,
,
,
,
,
,
,
,
,
,
,
,
,
,
,
,
,
,
,
,
,
,
,
,
,
,
,
,
,
,
,
,
,
,
,
,
,
,
,
,
,
,
,
,
,
,
,
,
,
,
,
,
,
,
,
,
,
,
,
,
,
,
,
,
,
,
,
,
,
,
,
,
,
,
,
,
,
,
,
,
,
,
,
,
,
,
,
,
,
,
,
,
,
,
,
,
,
,
,
,
,
,
,
,
,
,
,
,
,
,
,
,
,
,
,
,
,
,
,
,
,
,
,
,
,
,
,
,
,
,
,
,
,
,
,
,
,
,
,
,
,
,
,
,
,
,
,
,
,
,
,
,
,
,
,
,
,
,
,
,
,
,
,
,
,
,
,
,
,
,
,
,
,
,
,
,
,
,
,
,
,
,
,
,
,
,
,
,
,
,
,
,
,
,
,
,
,
,
,
,
,
,
,
,
,
,
,
,
,
,
,
,
,
,
,
,
,
,
,
,
,
,
,
,
,
,
,
,
,
,
,
,
,
,
,
,
,
,
,
,
,
,
,
,
,
,
,
,
,
,
,
,
,
,
,
,
,
,
,
,
,
,
,
,
,
,
,
,
,
,
,
,
,
,
,
,
,
,
,
,
,
,
,
,
,
,
,
,
,
,
,
,
,
,
,
,
,
,
,
,
,
,
,
,
,
,
,
,
,
,
,
,
,
,
,
,
,
,
,
,
,
,
,
,
,
,
,
,
,
,
,
,
,
,
,
,
,
,
,
,
,
,
,
,
,
,
,
,
,
,
,
,
,
,
,
,
,
,
,
,
,
,
,
,
,
,
,
,
,
,
,
,
,
,
,
,
,
,
,
,
,
,
,
,
,
,
,
,
,
,
,
,
,
,
,
,
,
,
,
,
,
,
,
,
,
,
,
,
,
,
,
,
,
,
,
,
,
,
,
,
,
,
,
,
,
,
,
,
,
,
,
,
,
,
,
,
,
,
,
,
,
,
,
,
,
,
,
,
,
,
,
,
,
,
,
,
,
,
,
,
,
,
,
,
,
,
,
,
,
,
,
,
,
,
,
,
,
,
,
,
,
,
,
,
,
,
,
,
,
,
,
,
,
,
,
,
,
,
,
,
,
,
,
,
,
,
,
,
,
,
,
,
,
,
,
,
,
,
,
,
,
,
,
,
,
,
,
,
,
,
,
,
,
,
,
,
,
,
,
,
,
,
,
,
,
,
,
,
,
,
,
,
,
,
,
,
,
,
,
,
,
,
,
,
,
,
,
,
,
,
,
,
,
,
,
,
,
,
,
,
,
,
,
,
,
,
,
,
,
,
,
,
,
,
,
,
,
,
,
,
,
,
,
,
,
,
,
,
,
,
,
,
,
,
,
,
,
,
,
,
,
,
,
,
,
,
,
,
,
,
,
,
,
,
,
,
,
,
,
,
,
,
,
,
,
,
,
,
,
,
,
,
,
,
,
,
,
,
,
,
,
,
,
,
,
,
,
,
,
,
,
,
,
,
,
,
,
,
,
,
,
,
,
,
,
,
,
,
,
,
,
,
,
,
,
,
,
,
,
,
,
,
,
,
,
,
,
,
,
,
,
,
,
,
,
,
,
,
,
,
,
,
,
,
,
,
,
,
,
,
,
,
,
,
,
,
,
,
,
,
,
,
,
,
,
,
,
,
,
,
,
,
,
,
,
,
,
,
,
,
,
,
,
,
,
,
,
,
,
,
,
,
,
,
,
,
,
,
,
,
,
,
,
,
,
,
,
,
,
,
,
,
,
,
,
,
,
,
,
,
,
,
,
,
,
,
,
,
,
,
,
,
,
,
,
,
,
,
,
,
,
,
,
,
,
,
,
,
,
,
,
,
,
,
,
,
,
,
,
,
,
,
,
,
,
,
,
,
,
,
,
,
,
,
,
,
,
,
,
,
,
,
,
,
,
,
,
,
,
,
,
,
,
,
,
,
,
,
,
,
,
,
,
,
,
,
,
,
,
,
,
,
,
,
,
,
,
,
,
,
,
,
,
,
,
,
,
,
,
,
,
,
,
,
,
,
,
,
,
,
,
,
,
,
,
,
,
,
,
,
,
,
,
,
,
,
,
,
,
,
,
,
,
,
,
,
,
,
,
,
,
,
,
,
,
,
,
,
,
,
,
,
,
,
,
,
,
,
,
,
,
,
,
,
,
,
,
,
,
,
,
,
,
,
,
,
,
,
,
,
,
,
,
,
,
,
,
,
,
,
,
,
,
,
,
,
,
,
,
,
,
,
,
,
,
,
,
,
,
,
,
,
,
,
,
,
,
,
,
,
,
,
,
,
,
,
,
,
,
,
,
,
,
,
,
,
,
,
,
,
,
,
,
,
,
,
,
,
,
,
,
,
,
,
,
,
,
,
,
,
,
,
,
,
,
,
,
,
,
,
,
,
,
,
,
,
,
,
,
,
,
,
,
,
,
,
,
,
,
,
,
,
,
,
,
,
,
,
,
,
,
,
,
,
,
,
,
,
,
,
,
,
,
,
,
,
,
,
,
,
,
,
,
,
,
,
,
,
,
,
,
,
,
,
,
,
,
,
,
,
,
,
,
,
,
,
,
,
,
,
,
,
,
,
,
,
,
,
,
,
,
,
,
,
,
,
,
,
,
,
,
,
,
,
,
,
,
,
,
,
,
,
,
,
,
,
,
,
,
,
,
,
,
,
,
,
,
,
,
,
,
,
,
,
,
,
,
,
,
,
,
,
,
,
,
,
,
,
,
,
,
,
,
,
,
,
,
,
,
,
,
,
,
,
,
,
,
,
,
,
,
,
,
,
,
,
,
,
,
,
,
,
,
,
,
,
,
,
,
,
,
,
,
,
,
,
,
,
,
,
,
,
,
,
,
,
,
,
,
,
,
,
,
,
,
,
,
,
,
,
,
,
,
,
,
,
,
,
,
,
,
,
,
,
,
,
,
,
,
,
,
,
,
,
,
,
,
,
,
,
,
,
,
,
,
,
,
,
,
,
,
,
,
,
,
,
,
,
,
,
,
,
,
,
,
,
,
,
,
,
,
,
,
,
,
,
,
,
,
,
,
,
,
,
,
,
,
,
,
,
,
,
,
,
,
,
,
,
,
,
,
,
,
,
,
,
,
,
,
,
,
,
,
,
,
,
,
,
,
,
,
,
,
,
,
,
,
,
,
,
,
,
,
,
,
,
,
,
,
,
,
,
,
,
,
,
,
,
,
,
,
,
,
,
,
,
,
,
,
,
,
,
,
,
,
,
,
,
,
,
,
,
,
,
,
,
,
,
,
,
,
,
,
,
,
,
,
,
,
,
,
,
,
,
,
,
,
,
,
,
,
,
,
,
,
,
,
,
,
,
,
,
,
,
,
,
,
,
,
,
,
,
,
,
,
,
,
,
,
,
,
,
,
,
,
,
,
,
,
,
,
,
,
,
,
,
,
,
,
,
,
,
,
,
,
,
,
,
,
,
,
,
,
,
,
,
,
,
,
,
,
,
,
,
,
,
,
,
,
,
,
,
,
,
,
,
,
,
,
,
,
,
,
,
,
,
,
,
,
,
,
,
,
,
,
,
,
,
,
,
,
,
,
,
,
,
,
,
,
,
,
,
,
,
,
,
,
,
,
,
,
,
,
,
,
,
,
,
,
,
,
,
,
,
,
,
,
,
,
,
,
,
,
,
,
,
,
,
,
,
,
,
,
,
,
,
,
,
,
,
,
,
,
,
,
,
,
,
,
,
,
,
,
,
,
,
,
,
,
,
,
,
,
,
,
,
,
,
,
,
,
,
,
,
,
,
,
,
,
,
,
,
,
,
,
,
,
,
,
,
,
,
,
,
,
,
,
,
,
,
,
,
,
,
,
,
,
,
,
,
,
,
,
,
,
,
,
,
,
,
,
,
,
,
,
,
,
,
,
,
,
,
,
,
,
,
,
,
,
,
,
,
,
,
,
,
,
,
,
,
,
,
,
,
,
,
,
,
,
,
,
,
,
,
,
,
,
,
,
,
,
,
,
,
,
,
,
,
,
,
,
,
,
,
,
,
,
,
,
,
,
,
,
,
,
,
,
,
,
,
,
,
,
,
,
,
,
,
,
,
,
,
,
,
,
,
,
,
,
,
,
,
,
,
,
,
,
,
,
,
,
,
,
,
,
,
,
,
,
,
,
,
,
,
,
,
,
,
,
,
,
,
,
,
,
,
,
,
,
,
,
,
,
,
,
,
,
,
,
,
,
,
,
,
,
,
,
,
,
,
,
,
,
,
,
,
,
,
,
,
,
,
,
,
,
,
,
,
,
,
,
,
,
,
,
,
,
,
,
,
,
,
,
,
,
,
,
,
,
,
,
,
,
,
,
,
,
,
,
,
,
,
,
,
,
,
,
,
,
,
,
,
,
,
,
,
,
,
,
,
,
,
,
,
,
,
,
,
,
,
,
,
,
,
,
,
,
,
,
,
,
,
,
,
,
,
,
,
,
,
,
,
,
,
,
,
,
,
,
,
,
,
,
,
,
,
,
,
,
,
,
,
,
,
,
,
,
,
,
,
,
,
,
,
,
,
,
,
,
,
,
,
,
,
,
,
,
,
,
,
,
,
,
,
,
,
,
,
,
,
,
,
,
,
,
,
,
,
,
,
,
,
,
,
,
,
,
,
,
,
,
,
,
,
,
,
,
,
,
,
,
,
,
,
,
,
,
,
,
,
,
,
,
,
,
,
,
,
,
,
,
,
,
,
,
,
,
,
,
,
,
,
,
,
,
,
,
,
,
,
,
,
,
,
,
,
,
,
,
,
,
,
,
,
,
,
,
,
,
,
,
,
,
,
,
,
,
,
,
,
,
,
,
,
,
,
,
,
,
,
,
,
,
,
,
,
,
,
,
,
,
,
,
,
,
,
,
,
,
,
,
,
,
,
,
,
,
,
,
,
,
,
,
,
,
,
,
,
,
,
,
,
,
,
,
,
,
,
,
,
,
,
,
,
,
,
,
,
,
,
,
,
,
,
,
,
,
,
,
,
,
,
,
,
,
,
,
,
,
,
,
,
,
,
,
,
,
,
,
,
,
,
,
,
,
,
,
,
,
,
,
,
,
,
,
,
,
,
,
,
,
,
,
,
,
,
,
,
,
,
,
,
,
,
,
,
,
,
,
,
,
,
,
,
,
,
,
,
,
,
,
,
,
,
,
,
,
,
,
,
,
,
,
,
,
,
,
,
,
,
,
,
,
,
,
,
,
,
,
,
,
,
,
,
,
,
,
,
,
,
,
,
,
,
,
,
,
,
,
,
,
,
,
,
,
,
,
,
,
,
,
,
,
,
,
,
,
,
,
,
,
,
,
,
,
,
,
,
,
,
,
,
,
,
,
,
,
,
,
,
,
,
,
,
,
,
,
,
,
,
,
,
,
,
,
,
,
,
,
,
,
,
,
,
,
,
,
,
,
,
,
,
,
,
,
,
,
,
,
,
,
,
,
,
,
,
,
,
,
,
,
,
,
,
,
,
,
,
,
,
,
,
,
,
,
,
,
,
,
,
,
,
,
,
,
,
,
,
,
,
,
,
,
,
,
,
,
,
,
,
,
,
,
,
,
,
,
,
,
,
,
,
,
,
,
,
,
,
,
,
,
,
,
,
,
,
,
,
,
,
,
,
,
,
,
,
,
,
,
,
,
,
,
,
,
,
,
,
,
,
,
,
,
,
,
,
,
,
,
,
,
,
,
,
,
,
,
,
,
,
,
,
,
,
,
,
,
,
,
,
,
,
,
,
,
,
,
,
,
,
,
,
,
,
,
,
,
,
,
,
,
,
,
,
,
,
,
,
,
,
,
,
,
,
,
,
,
,
,
,
,
,
,
,
,
,
,
,
,
,
,
,
,
,
,
,
,
,
,
,
,
,
,
,
,
,
,
,
,
,
,
,
,
,
,
,
,
,
,
,
,
,
,
,
,
,
,
,
,
,
,
,
,
,
,
,
,
,
,
,
,
,
,
,
,
,
,
,
,
,
,
,
,
,
,
,
,
,
,
,
,
,
,
,
,
,
,
,
,
,
,
,
,
,
,
,
,
,
,
,
,
,
,
,
,
,
,
,
,
